"key","Age_in_years","Bike_Type","Brake_Type","Brand","Cassette","Chainrings","Color","Condition","Crankset","Department","Drivetrain_Type","Features","Fork","Frame_Number","Frame_Size","Front_Derailleur","Gear_Change_Mechanism","Gender","Handlebar_Type","Item_Weight","MPN","Material","Model","Model_Year","Number_of_Speeds","Rear_Derailleur","Saddle","Seatpost","Shifter_Style","Shifters","Stem","Suspension_Type","Tire_Type","UPC","Vintage","Wheel_Set","Wheel_Size","context_identifier","currency","execution_id","feed_code","item_ranking","price","record_create_by","record_create_dt","site","source_country","src","starting_bid","title","total_bid","type"
"","1","Mountain Bike","Disc Brake - Hydraulic","Giant","","","GREY","New:  A brand-new, unused, unopened, undamaged item in its original packaging (where packaging is applicable).  Packaging should be the same as what is found in a retail store, unless the item was packaged by the manufacturer in non-retail packaging, such as an unprinted box or plastic bag.  See the seller's listing for full details. ","","Unisex Adult","","","","","Large","","","","Flat Bar","","Does Not Apply","Aluminum","TALON 2 29""","2021","16","","","","","","","Front","Clincher Tires","","","","29 in","Sporting Goods>Cycling Equipment>Bikes","S dollar","622154","AEID-5183","1","US $598.00","ebay_singapore_bicycles","2022-10-11 08:48:53","https://www.ebay.com.sg","Singapore","https://www.ebay.com.sg/itm/325345504420?hash=item4bc01a6ca4:g:vv0AAOSwLpVjJI7O&amdata=enc%3AAQAHAAAAoLLVh%2FWdHJqBvdzi2PR99rhvKmKf3cetCWHgqtqXTiHOi3dem02fMuQkBO3WLyzqMp2%2F2%2B7LVEQ9IH7Kr3U3BzgLqGh%2Fpw4baHrKxH2kOPzcgwnO2DqKLs1piimUNeT%2BxSELlhtVvQMLJGr%2FW%2B3NktBhGOLdTCJ%2FeLD%2Fp6SYJfH722hD5JKgQhPPgNHU7uR0fJCtoiKXPIPhcjibNzXg9pk%3D%7Ctkp%3ABk9SR6772-P4YA","","GIANT TALON 29 2 GREY L 2021 Bike - MTB DISC BRAKE Mountain Bikes","","Bike"
"","","NA","NA","GIANT","","","NA","New:  A brand-new, unused, unopened, undamaged item in its original packaging (where packaging is applicable).  Packaging should be the same as what is found in a retail store, unless the item was packaged by the manufacturer in non-retail packaging, such as an unprinted box or plastic bag.  See the seller's listing for full details. ","","NA","","","","NA","NA","","NA","","NA","NA","NA","NA","NA","NA","NA","","","","NA","","","NA","NA","NA","NA","","NA","Sporting Goods>Cycling Equipment>Bikes","S dollar","622154","AEID-5183","2","US $671.20","ebay_singapore_bicycles","2022-10-11 08:48:54","https://www.ebay.com.sg","Singapore","https://www.ebay.com.sg/itm/125493313374?hash=item1d37fbff5e:g:vicAAOSwzxdjETfU&amdata=enc%3AAQAHAAAA4E1z2pv2UuCbGP0uw0NGM4wq0mwTGiPjMIUGZdc7B3GJoriYPW3zzP9Pgp8znAh5WYuab%2Bb8ny1eu1abdBdegyZFOcLg6F4ERWWh1LiTpXTTo8bmVmmwZvrZqfUqIWjlJyOGUTkgN1VzcDoTAdrgvVikxjU9%2Fp6I7Oko90Et1w6YsTc6bKR%2Bzs0l2tApzZop03YRfYP5JtF8Q1y5JMcjWcyJh1NRhoXDJhnmyd98XllxJ31q%2FVI5TZOoKPx7XtOZ%2FBcjWc15N6fcUV3kw%2B7tSoZ6DBL6k%2FAFyXhI0DmFiTIe%7Ctkp%3ABk9SR6772-P4YA","","Giant Tcr Advanced Sl2 Kom 2018 Front Fork","","Bike"
"","0","Mountain Bike","Disc Brake - Hydraulic","Giant","","","Metallic Black","New:  A brand-new, unused, unopened, undamaged item in its original packaging (where packaging is applicable).  Packaging should be the same as what is found in a retail store, unless the item was packaged by the manufacturer in non-retail packaging, such as an unprinted box or plastic bag.  See the seller's listing for full details. ","","Unisex Adult","","","","","Medium","","","","Flat Bar","","Does Not Apply","Aluminium","TRANCE 29 2","2022","12 Speed","","","","","","","Full Suspension (Front & Rear)","","","","","29 in","Sporting Goods>Cycling Equipment>Bikes","S dollar","622154","AEID-5183","3","GBP 1,758.40","ebay_singapore_bicycles","2022-10-11 08:48:54","https://www.ebay.com.sg","Singapore","https://www.ebay.com.sg/itm/255670328272?hash=item3b87239bd0:g:xx8AAOSwCrBi86MY&amdata=enc%3AAQAHAAAAoNE%2B07m1XYRDoS6KTV1mIBpGj%2BevTxAStTh7p3SDthXMDa%2BFY9bnf0XJ5TyX1V%2FjRb4LfjZkzQhxTJlp8JYWuRqS9WBwZv5U9L1MrKnpmkIFB7OAJtHflzXCXEjx6t2qNYp1vprYxS1evAfbBfDaNO3%2FJ9QVzE3qmpWmiSa66ggNnBmcOkXjReNZAMlXwulXcguVlAMXOpBDXzQ%2BwdjRaS8%3D%7Ctkp%3ABk9SR7D72-P4YA","","GIANT TRANCE 29 2 M  MTLC BLK 2022 - MTB DISC BRAKE Mountain Bikes","","Bike"
"","0","Mountain Bike","Disc Brake - Hydraulic","Giant","","","Metallic Black","New:  A brand-new, unused, unopened, undamaged item in its original packaging (where packaging is applicable).  Packaging should be the same as what is found in a retail store, unless the item was packaged by the manufacturer in non-retail packaging, such as an unprinted box or plastic bag.  See the seller's listing for full details. ","","Unisex Adult","","","","","Large","","","","Flat Bar","","Does Not Apply","Aluminium","TRANCE 29 2","2022","12 Speed","","","","","","","Full Suspension (Front & Rear)","","","","","29 in","Sporting Goods>Cycling Equipment>Bikes","S dollar","622154","AEID-5183","4","GBP 1,758.40","ebay_singapore_bicycles","2022-10-11 08:48:54","https://www.ebay.com.sg","Singapore","https://www.ebay.com.sg/itm/255670329498?hash=item3b8723a09a:g:144AAOSwbwli86N5&amdata=enc%3AAQAHAAAAoI0u2EJZ4qL9QqcDjyKalz4lorn6zS0ndJOmYFWdh8%2Brui2b2b%2B9YJyNmtYue4HIkKbYJKkp%2B8yg%2B7tiNRp9zLOrX1Ggj3K9qUaeluHJ6xyU9YxXQNPbCwt3NcG3xIEuZ0zrfoLi%2BET%2F64%2BiiTKyg%2B7rHcove25rJfbw0dv%2FUZGj7ZZ9dfLlSZ8Z3KS%2FLh4J2OWZ1XkyLVwtOfY4cWsdgss%3D%7Ctkp%3ABk9SR7D72-P4YA","","GIANT TRANCE 29 2 L  MTLC BLK 2022 - MTB DISC BRAKE Mountain Bikes","","Bike"
"","0","Mountain Bike","Disc Brake - Hydraulic","Giant","","","KNIGHT SHIELD","New:  A brand-new, unused, unopened, undamaged item in its original packaging (where packaging is applicable).  Packaging should be the same as what is found in a retail store, unless the item was packaged by the manufacturer in non-retail packaging, such as an unprinted box or plastic bag.  See the seller's listing for full details. ","","Unisex Adult","","","","","Medium","","","","Flat Bar","","Does Not Apply","Aluminum","TALON 2 29""","2022","18 Speed","","","","","","","Front","Clincher Tires","","","","29 in","Sporting Goods>Cycling Equipment>Bikes","S dollar","622154","AEID-5183","5","US $698.00","ebay_singapore_bicycles","2022-10-11 08:48:54","https://www.ebay.com.sg","Singapore","https://www.ebay.com.sg/itm/325324852233?hash=item4bbedf4c09:g:Yd0AAOSwrTVjD0hn&amdata=enc%3AAQAHAAAAoPCdiwKiRIgBBX5sKDhZorMQi3Ab7di5DWRsZyvKhCv3xVHR2EHVopVVhrB36NXvlQPJH8pi65ymXrr9eNw2bX6he4xSNeM7HyCNDcH4GgMq5qTwULcX%2BcTiQyj4vzBJOzLHGWtWIius4KNeLnPZb5INbvZBcvUiYB5KYDNK8vhpWpz2uu3qqjnoMFAJ45qKmn0cgOyQXYu5oFM63syJH8o%3D%7Ctkp%3ABk9SR7D72-P4YA","","GIANT TALON 2 KNIGHT SHIELD 29 M  2022 Bike - MTB DISC BRAKE Mountain Bikes","","Bike"
"","0","Racing Bike","Disc Brake - Hydraulic","Giant","","","Panther/Iris / Reflective Black","New:  A brand-new, unused, unopened, undamaged item in its original packaging (where packaging is applicable).  Packaging should be the same as what is found in a retail store, unless the item was packaged by the manufacturer in non-retail packaging, such as an unprinted box or plastic bag.  See the seller's listing for full details. ","","Unisex Adult","","","","","Small","","","","Drop Bar","","Does Not Apply","Carbon Fibre","PROPEL ADVANCED PRO DISC 0","2022","24 Speed","","","","","","","No Suspension","","","","","700C","Sporting Goods>Cycling Equipment>Bikes","S dollar","622154","AEID-5183","6","GBP 4,158.40","ebay_singapore_bicycles","2022-10-11 08:48:54","https://www.ebay.com.sg","Singapore","https://www.ebay.com.sg/itm/255670075974?hash=item3b871fc246:g:81UAAOSwD8Bi83yn&amdata=enc%3AAQAHAAAAoGrkVYPYeJ6%2FeI3DOnSbdN5sb0u8MRDavwmgLpJdcChuPxWQQhvgon3MAUMnwjrUnO9%2BfvP87QuUVsMGDRzxXl0IlUIReCRO5SsgnRZmNocCmsv3SJMNRFfPxU%2B2bu6j0nNcMm5mRdx0u2aGAyWYiuf1YNYp%2F4Zq6scmXsDX7ml1ctofw3TC4yoJCYTxHek79zG5ni6%2F%2Bkq7oRiss3dbuq8%3D%7Ctkp%3ABk9SR7D72-P4YA","","GIANT PROPEL ADV PRO DB 0 S PANTHER 2022  Road Bike - race Carbon Bike","","Bike"
"","0","Racing Bike","Disc Brake - Hydraulic","Giant","","","Knight Shield / Reflective Rosewood","New:  A brand-new, unused, unopened, undamaged item in its original packaging (where packaging is applicable).  Packaging should be the same as what is found in a retail store, unless the item was packaged by the manufacturer in non-retail packaging, such as an unprinted box or plastic bag.  See the seller's listing for full details. ","","Unisex Adult","","","","","X-Large","","","","Drop Bar","","Does Not Apply","Carbon Fiber","PROPEL ADV DB 1","2022","24 Speed","","","","Road Bike Shifter","","","No Suspension","Clincher Tires","","","","700C","Sporting Goods>Cycling Equipment>Bikes","S dollar","622154","AEID-5183","7","US $4,898.00","ebay_singapore_bicycles","2022-10-11 08:48:54","https://www.ebay.com.sg","Singapore","https://www.ebay.com.sg/itm/325340326684?hash=item4bbfcb6b1c:g:P1EAAOSwWG9jHxZj&amdata=enc%3AAQAHAAAAoJbNn1oIbZpnr1Qo07bR4HOoK858rM1DQ5y4oGx5Ej2K5wcPhpszsKScj3vN46lK5KRYQZNwXYUu9XjQIK3lsOgt30dcoNd8brAMwEDb7L3yx3VDrrfTwGkaMYE8eLY1zaK%2FajR6KFGPy8EhhfyXS9DR8JVQR9bQ10qBwXgAlOSEPrbtgRA2Sqs5cbq7zdYDLVBQEkQlzgn6EC%2F6RDXWNkM%3D%7Ctkp%3ABk9SR6772-P4YA","","GIANT PROPEL ADV DB 1 XL KNIGHT SHLD 2022 Road Bike - race Carbon Bike","","Bike"
"","0","Racing Bike","Disc Brake - Hydraulic","Giant","","","Panther/Iris / Reflective Black","New:  A brand-new, unused, unopened, undamaged item in its original packaging (where packaging is applicable).  Packaging should be the same as what is found in a retail store, unless the item was packaged by the manufacturer in non-retail packaging, such as an unprinted box or plastic bag.  See the seller's listing for full details. ","","Unisex Adult","","","","","Small","","","","Drop Bar","","Does Not Apply","Carbon Fiber","PROPEL ADVANCED PRO DISC 0","2022","24 Speed","","","","Road Bike Shifter","","","No Suspension","Clincher Tires","","","","700C","Sporting Goods>Cycling Equipment>Bikes","S dollar","622154","AEID-5183","8","US $6,198.00","ebay_singapore_bicycles","2022-10-11 08:48:55","https://www.ebay.com.sg","Singapore","https://www.ebay.com.sg/itm/325300480811?hash=item4bbd6b6b2b:g:gXQAAOSwTChi83yc&amdata=enc%3AAQAHAAAAoNZ8pwMuiH%2B0TFGjxMxNVhppQOjl9RPYzxPcaGN7jvUrMda1WYT3mmz87osp9NAt6eHyhYHkjKYDXuvkNiYgfwNpBXbZfRwa2EMI35R1O00HDpVafurDZUteznu2sC5PSkp4q31cucqNv5mXEFnyQU9r3HZJpbflsENNz%2FsBfn2pinIRufQqQwr8hvZ7mG%2BqDkc6tx3k61OFFLpxHAmZsIE%3D%7Ctkp%3ABk9SR7D72-P4YA","","GIANT PROPEL ADV PRO DB 0 S PANTHER 2022  Road Bike - race Carbon Bike","","Bike"
"","0","Mountain Bike","Disc Brake - Hydraulic","Giant","","","KNIGHT SHIELD","New:  A brand-new, unused, unopened, undamaged item in its original packaging (where packaging is applicable).  Packaging should be the same as what is found in a retail store, unless the item was packaged by the manufacturer in non-retail packaging, such as an unprinted box or plastic bag.  See the seller's listing for full details. ","","Unisex Adult","","","","","Large","","","","Flat Bar","","Does Not Apply","Aluminum","TALON 2 29""","2022","18 Speed","","","","","","","Front","Clincher Tires","","","","29 in","Sporting Goods>Cycling Equipment>Bikes","S dollar","622154","AEID-5183","9","US $698.00","ebay_singapore_bicycles","2022-10-11 08:48:55","https://www.ebay.com.sg","Singapore","https://www.ebay.com.sg/itm/325324852240?hash=item4bbedf4c10:g:HgkAAOSwJGpjD0ho&amdata=enc%3AAQAHAAAAoE8%2FRpiWy9w8dZJX5FbRHsNCawzsm3P8UyYHbm8%2BUOsiBuvhTYdvheF0Us5kHEKdSalUST8KSw8Xjwdd1NrmrPLau5ej4UET6B9XeEGWLqWHljxe1nEg5jopQdyjIQWG0gC47HYey8y5D5Chd3h%2Fj4zq2GFroQ8U5vvrvCsyH4u4Kfw18Ynhx5ZyBhUiYJOay%2FoySCJBB3U8zyZL34E8SIk%3D%7Ctkp%3ABk9SR7D72-P4YA","","GIANT TALON 2 KNIGHT SHIELD 29 L  2022 Bike - MTB DISC BRAKE Mountain Bikes","","Bike"
"","0","Mountain Bike","Disc Brake - Hydraulic","Giant","","","KNIGHT SHIELD","New:  A brand-new, unused, unopened, undamaged item in its original packaging (where packaging is applicable).  Packaging should be the same as what is found in a retail store, unless the item was packaged by the manufacturer in non-retail packaging, such as an unprinted box or plastic bag.  See the seller's listing for full details. ","","Unisex Adult","","","","","X-Large","","","","Flat Bar","","Does Not Apply","Aluminum","TALON 2 29""","2022","18 Speed","","","","","","","Front","Clincher Tires","","","","29 in","Sporting Goods>Cycling Equipment>Bikes","S dollar","622154","AEID-5183","10","US $698.00","ebay_singapore_bicycles","2022-10-11 08:48:55","https://www.ebay.com.sg","Singapore","https://www.ebay.com.sg/itm/325324852234?hash=item4bbedf4c0a:g:SlgAAOSwHXFjD0hn&amdata=enc%3AAQAHAAAAoG5e%2BqQ3pcZWmnajlyzn9%2B2K9Gz%2FxuJWYVK2A%2FT7EQ%2FGlAPW6aHgFexmiTjYKbGfO2yXssfUXygWMAki4GkrRUgi6jn1cJQHv%2F5fwLKufFVFu5C%2FvHoaZYnP3f3hDvewhReZwrLhwgiWJOv%2F%2BdfccVg7bFFDPpYd315Xz7HsojUsu9i36d1wAruD2fe0GXVP%2FS4HGxtiRiBXJCr%2BtR%2BUs%2B0%3D%7Ctkp%3ABk9SR7D72-P4YA","","GIANT TALON 2 KNIGHT SHIELD 29 XL  2022 Bike - MTB DISC BRAKE Mountain Bikes","","Bike"
"","0","Racing Bike","Disc Brake - Hydraulic","Giant","","","Panther/Iris / Reflective Black","New:  A brand-new, unused, unopened, undamaged item in its original packaging (where packaging is applicable).  Packaging should be the same as what is found in a retail store, unless the item was packaged by the manufacturer in non-retail packaging, such as an unprinted box or plastic bag.  See the seller's listing for full details. ","","Unisex Adult","","","","","X-Small","","","","Drop Bar","","Does Not Apply","Carbon Fiber","PROPEL ADVANCED PRO DISC 0","2022","24 Speed","","","","Road Bike Shifter","","","No Suspension","Clincher Tires","","","","700C","Sporting Goods>Cycling Equipment>Bikes","S dollar","622154","AEID-5183","11","US $6,198.00","ebay_singapore_bicycles","2022-10-11 08:48:55","https://www.ebay.com.sg","Singapore","https://www.ebay.com.sg/itm/325300480812?hash=item4bbd6b6b2c:g:4K0AAOSwUT1i83yd&amdata=enc%3AAQAHAAAAoOJsC3EX3uT70KAdHDtXg%2BcDDhTrqWi6D6KDMgjDKcMlm21sceMylZUgFLuBaCT8%2FsDbQyKYwoJ8FE3OG3HvfsZRCxnc7mjPbfWJWJzG%2FmL5BowsXINjwMFjOkr3uGhkFkHZN9enFSDTbQsc2iMpZwYmiGr9QZifN8f54LMkz0Y1LOf5G%2BhpejJY8qiRY0gpXU397GLtdfYjIcsnbYjEqVw%3D%7Ctkp%3ABk9SR7D72-P4YA","","GIANT PROPEL ADV PRO DB 0 XS PANTHER 2022  Road Bike - race Carbon Bike","","Bike"
"","0","Racing Bike","Disc Brake - Hydraulic","Giant","","","Gloss Amber Glow / Matte Carbon","New:  A brand-new, unused, unopened, undamaged item in its original packaging (where packaging is applicable).  Packaging should be the same as what is found in a retail store, unless the item was packaged by the manufacturer in non-retail packaging, such as an unprinted box or plastic bag.  See the seller's listing for full details. ","","Unisex Adult","","","","","Medium","","","","Drop Bar","","Does Not Apply","Carbon Fibre","TCR ADV PRO 0 DB AX","2022","24 Speed","","","","","","","No Suspension","","","","","700C","Sporting Goods>Cycling Equipment>Bikes","S dollar","622154","AEID-5183","12","GBP 3,918.40","ebay_singapore_bicycles","2022-10-11 08:48:55","https://www.ebay.com.sg","Singapore","https://www.ebay.com.sg/itm/255669878644?hash=item3b871cbf74:g:-3gAAOSwm-di81u7&amdata=enc%3AAQAHAAAAoGKoKmikMiXLbqY9iZJSxKscReji%2B%2B%2FuH648nhw6kzB0KVrKombPfq3KpCiP6Pl%2FRdDaySlWlM36XsPakdi0zlXjN25cqMGjUhqVw2yh%2Bnxy7ZWirlm03XOdMuoTgLqI1lCfW5bmbxSJ6FqzNerIIq5MeoOYkTacSYHRFFcOPtIvJTSLCah8PU7R7tmrACQcNtPlK7FY1YKq06XXvef69YY%3D%7Ctkp%3ABk9SR7D72-P4YA","","GIANT TCR ADV PRO 0 DB AX M AMBER GLOW 2022 Road Bike - race Carbon Bike","","Bike"
"","0","Racing Bike","Disc Brake - Hydraulic","Giant","","","Panther/Iris / Reflective Black","New:  A brand-new, unused, unopened, undamaged item in its original packaging (where packaging is applicable).  Packaging should be the same as what is found in a retail store, unless the item was packaged by the manufacturer in non-retail packaging, such as an unprinted box or plastic bag.  See the seller's listing for full details. ","","Unisex Adult","","","","","X-Small","","","","Drop Bar","","Does Not Apply","Carbon Fibre","PROPEL ADVANCED PRO DISC 0","2022","24 Speed","","","","","","","No Suspension","","","","","700C","Sporting Goods>Cycling Equipment>Bikes","S dollar","622154","AEID-5183","13","GBP 4,158.40","ebay_singapore_bicycles","2022-10-11 08:48:55","https://www.ebay.com.sg","Singapore","https://www.ebay.com.sg/itm/255670075966?hash=item3b871fc23e:g:YpQAAOSwL2Bi83yk&amdata=enc%3AAQAHAAAAoEDZWLOlJahO9Q07NT00PdhRGg3i52zdh0NnskYurb2WlPR3DLR%2FAeFXqnTX5Yxw%2BusWDaxp29uGuU2rnb54l9M9x19aH3OhG3QzLZQnKCRUyadSKKamM5Ap9GxFHyV7b9RgtsvkA4Te1t3uayTq1t8%2B371hx6j0Fr7knOTwFlMy8mT%2FX3iBdL2NPBunM5ns%2BmX0aZZ5Pg3nXGXMK3hfzIQ%3D%7Ctkp%3ABk9SR7D72-P4YA","","GIANT PROPEL ADV PRO DB 0 XS PANTHER 2022  Road Bike - race Carbon Bike","","Bike"
"","0","Racing Bike","Disc Brake - Hydraulic","Giant","","","Gloss Amber Glow / Matte Carbon","New:  A brand-new, unused, unopened, undamaged item in its original packaging (where packaging is applicable).  Packaging should be the same as what is found in a retail store, unless the item was packaged by the manufacturer in non-retail packaging, such as an unprinted box or plastic bag.  See the seller's listing for full details. ","","Unisex Adult","","","","","ML","","","","Drop Bar","","Does Not Apply","Carbon Fibre","TCR ADV PRO 0 DB AX","2022","24 Speed","","","","","","","No Suspension","","","","","700C","Sporting Goods>Cycling Equipment>Bikes","S dollar","622154","AEID-5183","14","GBP 3,918.40","ebay_singapore_bicycles","2022-10-11 08:48:55","https://www.ebay.com.sg","Singapore","https://www.ebay.com.sg/itm/255669878642?hash=item3b871cbf72:g:~9gAAOSw0GFi81u7&amdata=enc%3AAQAHAAAAoDh4LQo1GllO758F8Un71w2YAoo56RAO6zlQIU9OPMiSIB%2FFvo%2BjcWV9SpkuVAxRJPRLdI36oB1qqO1D5MQ3aVL4FqTg1f6gFNsbwhzxJANzzJgMYBuIehydGXDliqKeYVuVLJXVn9A1d%2F1uyZ%2Fw7fecbTFbV1ura4Id6htN4w0jySN3uxMaqYFZB9JQoDaL5NMOqOu3dPA2%2BMxoERZQWjs%3D%7Ctkp%3ABk9SR7D72-P4YA","","GIANT TCR ADV PRO 0 DB AX ML AMBER GLOW 2022 Road Bike - race Carbon Bike","","Bike"
"","0","Mountain Bike","Disc Brake - Hydraulic","Giant","","","Black/Black Diamond / Chrome","New:  A brand-new, unused, unopened, undamaged item in its original packaging (where packaging is applicable).  Packaging should be the same as what is found in a retail store, unless the item was packaged by the manufacturer in non-retail packaging, such as an unprinted box or plastic bag.  See the seller's listing for full details. ","","Unisex Adult","","","","","Large","","","","Flat Bar","","Does Not Apply","Aluminium","XTC ADV 29 1","2022","12 Speed","","","","","","","Front","","","","","29 in","Sporting Goods>Cycling Equipment>Bikes","S dollar","622154","AEID-5183","15","GBP 2,638.40","ebay_singapore_bicycles","2022-10-11 08:48:55","https://www.ebay.com.sg","Singapore","https://www.ebay.com.sg/itm/255606036350?hash=item3b834e977e:g:i9gAAOSwTIZivEbs&amdata=enc%3AAQAHAAAAoFyVcpw11plS5q8fD%2Bo3Aa9pXcee%2BQ%2By6Jr3IvAle84tdC1tvwQEhFZvxvNJcuIxz9a%2F4Dd8knpm2Youuoqx9rl6NObzpTtw9SFW4WzXjRWYutWj1t45CDAr%2FZ%2BFMPqLK5XdMP5Jq0%2Bob7wkmYPPwQhmCG43bzMvGbkUXe9UruL%2Fuv1xIUSr4Q7zfKnQmcuPTjhKfSWLprf5Ps2StzrHIkg%3D%7Ctkp%3ABk9SR7T72-P4YA","","GIANT XTC ADV 29 1 BLK/BLK DMND L 2022 Bike MTB DISC BRAKE CARBON Mountain Bikes","","Bike"
"","0","Mountain Bike","Disc Brake - Hydraulic","Giant","","","Metallic Black","New:  A brand-new, unused, unopened, undamaged item in its original packaging (where packaging is applicable).  Packaging should be the same as what is found in a retail store, unless the item was packaged by the manufacturer in non-retail packaging, such as an unprinted box or plastic bag.  See the seller's listing for full details. ","","Unisex Adult","","","","","Large","","","","Flat Bar","","Does Not Apply","Aluminum","TRANCE 29 2","2022","12 Speed","","","","","","","Full Suspension (Front & Rear)","Clincher Tires","","","","29 in","Sporting Goods>Cycling Equipment>Bikes","S dollar","622154","AEID-5183","16","US $2,598.00","ebay_singapore_bicycles","2022-10-11 08:48:55","https://www.ebay.com.sg","Singapore","https://www.ebay.com.sg/itm/325300601527?hash=item4bbd6d42b7:g:fPQAAOSwBwhi86Nv&amdata=enc%3AAQAHAAAAoM5Tptg7I%2F3y%2BYs4tVk28mSogYHlIBerQfh0jFxXGSmTYY0s7n1lloAEppToC5F5r7hYjtxVuaIdEy0p%2FHwujYhUPut1bfm5OjAjv%2BdVZTZjE1uwb28xMmNBfhLSOMzr%2FX8qZhkEl6xQ%2FkrEilibVVs1GJrvuM6Dmw%2Bwu3A6ml3koOaorLPhRH%2B8eMS5h8fyuBsAgkLyXYW9mjT1uIfoB5A%3D%7Ctkp%3ABk9SR7D72-P4YA","","GIANT TRANCE 29 2 L  MTLC BLK 2022 - MTB DISC BRAKE Mountain Bikes","","Bike"
"","0","Racing Bike","Disc Brake - Hydraulic","Giant","","","Panther/Iris / Reflective Black","New:  A brand-new, unused, unopened, undamaged item in its original packaging (where packaging is applicable).  Packaging should be the same as what is found in a retail store, unless the item was packaged by the manufacturer in non-retail packaging, such as an unprinted box or plastic bag.  See the seller's listing for full details. ","","Unisex Adult","","","","","Medium","","","","Drop Bar","","Does Not Apply","Carbon Fiber","PROPEL ADVANCED PRO DISC 0","2022","24 Speed","","","","Road Bike Shifter","","","No Suspension","Clincher Tires","","","","700C","Sporting Goods>Cycling Equipment>Bikes","S dollar","622154","AEID-5183","17","US $6,198.00","ebay_singapore_bicycles","2022-10-11 08:48:55","https://www.ebay.com.sg","Singapore","https://www.ebay.com.sg/itm/325300480813?hash=item4bbd6b6b2d:g:IgUAAOSwf1Bi83yc&amdata=enc%3AAQAHAAAAoCoajfxArCYX3jtAqYwcoJk6OVc3yklWBBzUuu%2BBDOHFi7uGk4mTdjOBGLf%2Fp05vtwS3ivUm%2FT0i6KY77wvxHRpN6cirrvx7h62O88hL3ns4jPbH5MChu2H%2B4OXw4mO8N0ueMQ9r%2FOSngCBGToQPYcR0GQGcAEyeiv1N52SqcpQFe2KI8gUq5tR82WmLgXpudJ%2FAVl8c884nSNbXcf9k%2BNc%3D%7Ctkp%3ABk9SR7D72-P4YA","","GIANT PROPEL ADV PRO DB 0 M PANTHER 2022  Road Bike - race Carbon Bike","","Bike"
"","0","Racing Bike","Disc Brake - Hydraulic","Giant","","","Panther/Iris / Reflective Black","New:  A brand-new, unused, unopened, undamaged item in its original packaging (where packaging is applicable).  Packaging should be the same as what is found in a retail store, unless the item was packaged by the manufacturer in non-retail packaging, such as an unprinted box or plastic bag.  See the seller's listing for full details. ","","Unisex Adult","","","","","Medium","","","","Drop Bar","","Does Not Apply","Carbon Fibre","PROPEL ADVANCED PRO DISC 0","2022","24 Speed","","","","","","","No Suspension","","","","","700C","Sporting Goods>Cycling Equipment>Bikes","S dollar","622154","AEID-5183","18","GBP 4,158.40","ebay_singapore_bicycles","2022-10-11 08:48:55","https://www.ebay.com.sg","Singapore","https://www.ebay.com.sg/itm/255670075975?hash=item3b871fc247:g:eikAAOSwYKNi83ym&amdata=enc%3AAQAHAAAAoMwAZBU5gGa5T%2FQLQW4maEQMjvKV5gh43KhtFiGBlXSUV1%2BTprgrdWfZE8V6wkUtwbRYyd4pQ9FySjKcWv5rxc5FNhA6Nui%2F5ne1PW5RBoWe%2Fe%2Bx90CZO6StZobpv%2FBfg8Z0G%2BOgRBpXSpAUtqYYSLEbItLVh%2FVYhVMyfxUsnjktFJCsBcZRg2Sd6CNfed%2FTecCKyEMG%2B03hzsP4gtDxs3M%3D%7Ctkp%3ABk9SR7D72-P4YA","","GIANT PROPEL ADV PRO DB 0 M PANTHER 2022  Road Bike - race Carbon Bike","","Bike"
"","1","Gravel Bike","Disc Brake - Hydraulic","Giant","","","Desert Sage","New:  A brand-new, unused, unopened, undamaged item in its original packaging (where packaging is applicable).  Packaging should be the same as what is found in a retail store, unless the item was packaged by the manufacturer in non-retail packaging, such as an unprinted box or plastic bag.  See the seller's listing for full details. ","","Unisex Adult","","","","","ML","","","","Drop Bar","","Does Not Apply","Aluminum","REVOLT 1","2021","20 Speed","","","","Road Bike Shifter","","","No Suspension","Clincher Tires","","","","700C","Sporting Goods>Cycling Equipment>Bikes","S dollar","622154","AEID-5183","19","US $1,798.00","ebay_singapore_bicycles","2022-10-11 08:48:56","https://www.ebay.com.sg","Singapore","https://www.ebay.com.sg/itm/325331222563?hash=item4bbf408023:g:1bEAAOSwifVjFciO&amdata=enc%3AAQAHAAAAoJIiRvd2HlcwbKyHtBHfzTiSEuZt3zJsMweI4EnG4d2hT%2BVZcRvmwUwQDHq1cphRGfE3q%2Bq%2B%2BHngrFBL2XBSjq4%2Fh5kseLVZR81xEi%2F4ymsCpN9hsh69Qb8DgJtXpDyz17rahqSk89%2FPG7L2uKOQHTSZ0cRw1npT25c5ZgPvB8uV8fDjfN2i00CROicBkg9jMr0cojg77yPCrmSaK39mbxM%3D%7Ctkp%3ABk9SR6772-P4YA","","GIANT REVOLT 1 DSRT  ML 2021 Road Bike - race Gravel Bike","","Bike"
"","0","Mountain Bike","Disc Brake - Hydraulic","Giant","","","Metallic Black","New:  A brand-new, unused, unopened, undamaged item in its original packaging (where packaging is applicable).  Packaging should be the same as what is found in a retail store, unless the item was packaged by the manufacturer in non-retail packaging, such as an unprinted box or plastic bag.  See the seller's listing for full details. ","","Unisex Adult","","","","","Medium","","","","Flat Bar","","Does Not Apply","Aluminum","TRANCE 29 2","2022","12 Speed","","","","","","","Full Suspension (Front & Rear)","Clincher Tires","","","","29 in","Sporting Goods>Cycling Equipment>Bikes","S dollar","622154","AEID-5183","20","US $2,598.00","ebay_singapore_bicycles","2022-10-11 08:48:56","https://www.ebay.com.sg","Singapore","https://www.ebay.com.sg/itm/325300600099?hash=item4bbd6d3d23:g:xEAAAOSw4tdi86MN&amdata=enc%3AAQAHAAAAoFVteVnM%2BWbh5rGw1KLO9uF9YLubX9tdu2EbssJsMFCTtQECEmOPGIMFgp6FFWbIpJQ5zGuLI4YnGUafvwEjhywDFRj7%2BU7hoZCA6hXNkEuSN9rDldhPE%2FdeMaizrXJ9ExCPiWAM8R9KJmmsy5GfEqlbbkcZNDCeYc0X3sMbnuJbRIBH7EBlYxLR2c8tiao6ytVbT79RA0Pcf%2BI6Y9cWEz8%3D%7Ctkp%3ABk9SR7D72-P4YA","","GIANT TRANCE 29 2 M  MTLC BLK 2022 - MTB DISC BRAKE Mountain Bikes","","Bike"
"","0","Mountain Bike","Disc Brake - Hydraulic","Giant","","","Black/Black Diamond / Chrome","New:  A brand-new, unused, unopened, undamaged item in its original packaging (where packaging is applicable).  Packaging should be the same as what is found in a retail store, unless the item was packaged by the manufacturer in non-retail packaging, such as an unprinted box or plastic bag.  See the seller's listing for full details. ","","Unisex Adult","","","","","X-Large","","","","Flat Bar","","Does Not Apply","Carbon Fiber","XTC ADV 29 1","2022","12 Speed","","","","","","","Front","Clincher Tires","","","","29 in","Sporting Goods>Cycling Equipment>Bikes","S dollar","622154","AEID-5183","21","US $3,998.00","ebay_singapore_bicycles","2022-10-11 08:48:56","https://www.ebay.com.sg","Singapore","https://www.ebay.com.sg/itm/325248099159?hash=item4bba4c2357:g:sp8AAOSwWgtivEdI&amdata=enc%3AAQAHAAAAoCIwdc1GPvhz50Ds%2FAw33uBSDjgNc2jKcuOHpaY0ruw3gDwrQLQmTPNwU%2FoRWyENtSOKMswOqk9VG2bSttZXvrteN%2BSvO4l7rJI9VH77VKt%2FrSZCYp%2BzPWxDMVBaAdspjrQSg70%2B9Fp9ThthFP%2BN%2FH55HdaKffiufEkdU59JUO%2FKOvZZc2O2qHt2xWH0kxz3DXOACtgsuiakCGMQweN7mmE%3D%7Ctkp%3ABk9SR7T72-P4YA","","GIANT XTC ADV 29 1 BLK/BLK DMND XL 2022 Bike MTB DISC BRAKE CARBON Mountain Bike","","Bike"
"","0","Mountain Bike","Disc Brake - Hydraulic","Giant","","","Black/Black Diamond / Chrome","New:  A brand-new, unused, unopened, undamaged item in its original packaging (where packaging is applicable).  Packaging should be the same as what is found in a retail store, unless the item was packaged by the manufacturer in non-retail packaging, such as an unprinted box or plastic bag.  See the seller's listing for full details. ","","Unisex Adult","","","","","X-Large","","","","Flat Bar","","Does Not Apply","Aluminium","XTC ADV 29 1","2022","12 Speed","","","","","","","Front","","","","","29 in","Sporting Goods>Cycling Equipment>Bikes","S dollar","622154","AEID-5183","22","GBP 2,638.40","ebay_singapore_bicycles","2022-10-11 08:48:56","https://www.ebay.com.sg","Singapore","https://www.ebay.com.sg/itm/255606037299?hash=item3b834e9b33:g:YegAAOSwkWNivEdR&amdata=enc%3AAQAHAAAAoBADJxBxX%2B4dCxkwG0NzSVy3D0%2FOLuKBxA6P01A6RCUU1woh17p20rF7KjR9evq1KA769a%2FfV4c0n59GeesUq6NNReJU82Wa1I11t%2B5aAPJF9XFrMRKjOHBZtGc5J0HTxBK9HsTpHsFLDt8drmaYcvlWcdQHwl6zSUgllyjabp1AZ%2Bz3qBLjq8KukYYOvHvGdWHYSfmb1XX08P%2BBXFp6zhE%3D%7Ctkp%3ABk9SR7T72-P4YA","","GIANT XTC ADV 29 1 BLK/BLK DMND XL 2022 Bike MTB DISC BRAKE CARBON Mountain Bike","","Bike"
"","0","Racing Bike","Disc Brake - Hydraulic","Giant","","","Black Chrome","New:  A brand-new, unused, unopened, undamaged item in its original packaging (where packaging is applicable).  Packaging should be the same as what is found in a retail store, unless the item was packaged by the manufacturer in non-retail packaging, such as an unprinted box or plastic bag.  See the seller's listing for full details. ","","Unisex Adult","","","","","Medium","","","","Drop Bar","","Does Not Apply","Carbon Fiber","TCR ADV 1+ PRO COMPACT DB","2022","22 Speed","","","","Road Bike Shifter","","","No Suspension","Clincher Tires","","","","700C","Sporting Goods>Cycling Equipment>Bikes","S dollar","622154","AEID-5183","23","US $3,698.00","ebay_singapore_bicycles","2022-10-11 08:48:56","https://www.ebay.com.sg","Singapore","https://www.ebay.com.sg/itm/325252819029?hash=item4bba942855:g:Rz4AAOSwFdViwI9J&amdata=enc%3AAQAHAAAAoESE%2FkYop62oBLAMQRDnsQypXCmFR20%2Bile6XzL8JCLEMZYbnyKoT%2BI4A2FFVv1FM0CIIwwvLR8sG6ld4lyOCT9NKFNFqEy9GVKEcnJ1HTHiqJn%2FOLrNoptuohamC8fVprIkgmAU2%2Bh5sd7xVi1TOnpoK391BXJ1SUCu%2B2icXI2DpDag%2FBVyEKfVOOvqxjZcpnXRoTUtS29nYARsq8Swk8A%3D%7Ctkp%3ABk9SR7T72-P4YA","","GIANT TCR ADV 1+ PRO COMPACT DB M BLK/CHM 2022 Road Bike - race Carbon Bike","","Bike"
"","1","Mountain Bike","Disc Brake - Hydraulic","Giant","","","Red","New:  A brand-new, unused, unopened, undamaged item in its original packaging (where packaging is applicable).  Packaging should be the same as what is found in a retail store, unless the item was packaged by the manufacturer in non-retail packaging, such as an unprinted box or plastic bag.  See the seller's listing for full details. ","","Unisex Adult","","","","","Medium","","","","Flat Bar","","Does Not Apply","Aluminium","TALON 2 29""","2021","16 Speed","","","","","","","Front","","","","","29 in","Sporting Goods>Cycling Equipment>Bikes","S dollar","622154","AEID-5183","24","GBP 382.40","ebay_singapore_bicycles","2022-10-11 08:48:56","https://www.ebay.com.sg","Singapore","https://www.ebay.com.sg/itm/255618123202?hash=item3b840705c2:g:qt0AAOSwP8FixmqJ&amdata=enc%3AAQAHAAAAoPTPmbQiX%2FN%2FrsQlpCBfVIuwHmchNXgFRmsjW%2FfdaaWGBm1Q%2Fd0awrlkqLGf%2FX0AH9Sa8vylVG%2FLtT3XEpYBxCT6%2BT8eRMlsu1sHy2Eh8QJljkESqXRGGyuiNTco2FoJMtHt0MaJqcWt50%2F8Zf1%2BDNfTCO1j1wNuERGZ%2FouZhSQ%2BElUu4Dq1qycZq8oWZADRh3ZR%2BX%2FGW2kQzXRdU3Bu6zM%3D%7Ctkp%3ABk9SR7T72-P4YA","","GIANT TALON 29 2 RED M 2021 Bike - MTB DISC BRAKE Mountain Bikes","","Bike"
"","0","Racing Bike","Disc Brake - Hydraulic","Giant","","","Black Chrome","New:  A brand-new, unused, unopened, undamaged item in its original packaging (where packaging is applicable).  Packaging should be the same as what is found in a retail store, unless the item was packaged by the manufacturer in non-retail packaging, such as an unprinted box or plastic bag.  See the seller's listing for full details. ","","Unisex Adult","","","","","Medium","","","","Drop Bar","","Does Not Apply","Carbon Fibre","TCR ADV 1+ PRO COMPACT DB","2022","22 Speed","","","","","","","No Suspension","","","","","700C","Sporting Goods>Cycling Equipment>Bikes","S dollar","622154","AEID-5183","25","GBP 2,398.40","ebay_singapore_bicycles","2022-10-11 08:48:57","https://www.ebay.com.sg","Singapore","https://www.ebay.com.sg/itm/255611059473?hash=item3b839b3d11:g:IfYAAOSwa0diwI9V&amdata=enc%3AAQAHAAAAoNU0D%2BA%2Bd6zD2F2UUGyd6pgGw9nxT5yMIlLHtRoorw0NX72vYIgLrlB%2BZNVn3lRU7qJtG4rQGLQLeslZDp9tx73bD%2BUjlX%2Be3A5AXScbcuPE05co2VlXxMBzdvswbWcaoWqT7SkUcNRM8VQeUJT1T06t64LNQsiBCdOpIDs3pwI8jCjEYPs6DkTtEM5wR8GmfhqDb2lkpfAp%2Bwofo9%2Bjas0%3D%7Ctkp%3ABk9SR7T72-P4YA","","GIANT TCR ADV 1+ PRO COMPACT DB M BLK/CHM 2022 Road Bike - race Carbon Bike","","Bike"
"","0","Racing Bike","Disc Brake - Hydraulic","Giant","","","Black Chrome","New:  A brand-new, unused, unopened, undamaged item in its original packaging (where packaging is applicable).  Packaging should be the same as what is found in a retail store, unless the item was packaged by the manufacturer in non-retail packaging, such as an unprinted box or plastic bag.  See the seller's listing for full details. ","","Unisex Adult","","","","","Small","","","","Drop Bar","","Does Not Apply","Carbon Fiber","TCR ADV 1+ PRO COMPACT DB","2022","22 Speed","","","","Road Bike Shifter","","","No Suspension","Clincher Tires","","","","700C","Sporting Goods>Cycling Equipment>Bikes","S dollar","622154","AEID-5183","26","US $3,698.00","ebay_singapore_bicycles","2022-10-11 08:48:57","https://www.ebay.com.sg","Singapore","https://www.ebay.com.sg/itm/325254425196?hash=item4bbaacaa6c:g:smQAAOSwwsJiwpn~&amdata=enc%3AAQAHAAAAoFVbwnkLNV2cJQ3U7whjYrblFnVXqDLS54wR127tYxISLp%2B7VhPa6mquezfy8p%2B543ThdS%2BowDxte2BuFFf4oqoyRdVt9cnHB2ERZuYUSHaooKk9q%2F4GiA0ExyuuOSyqlOnsix1PPjnyiCv5PMS7VXRj2%2BgrdXMKuJ4V1dJCyx281EJdE%2FdcxZWSatttPzctTBpQf9%2FmqDzWs6S7cOzBoLc%3D%7Ctkp%3ABk9SR7T72-P4YA","","GIANT TCR ADV 1+ PRO COMPACT DB S BLK/CHM 2022 Road Bike - race Carbon Bike","","Bike"
"","1","Mountain Bike","Disc Brake - Hydraulic","Giant","","","Red","New:  A brand-new, unused, unopened, undamaged item in its original packaging (where packaging is applicable).  Packaging should be the same as what is found in a retail store, unless the item was packaged by the manufacturer in non-retail packaging, such as an unprinted box or plastic bag.  See the seller's listing for full details. ","","Unisex Adult","","","","","Medium","","","","Flat Bar","","Does Not Apply","Aluminum","TALON 2 29""","2021","16","","","","","","","Front","Clincher Tires","","","","29 in","Sporting Goods>Cycling Equipment>Bikes","S dollar","622154","AEID-5183","27","US $598.00","ebay_singapore_bicycles","2022-10-11 08:48:57","https://www.ebay.com.sg","Singapore","https://www.ebay.com.sg/itm/325258605768?hash=item4bbaec74c8:g:62cAAOSw31Jixmp~&amdata=enc%3AAQAHAAAAoE79IaDzGaWf7GtLmADaovRl5k8917j19UK4gfscHpGQrfXtkjkNCK23E5FUXQO9YnR5itQFHNyypyhBeovY5NLJDA%2BJlTsOSjuXrAn6jPl5qs53W%2BQWM3OiW5d%2FOoDUa74Qr3BhfNO43vsudvaRC0pjcvqJr03JTHOlyM1h61MqE6wVMeuxVNcDIao%2BMBZRDLSitDL9EurcERS5p5mdGOM%3D%7Ctkp%3ABk9SR7T72-P4YA","","GIANT TALON 29 2 RED M 2021 Bike - MTB DISC BRAKE Mountain Bikes","","Bike"
"","0","Mountain Bike","Disc Brake - Mechanical","Giant","","","Metallic Black","New:  A brand-new, unused, unopened, undamaged item in its original packaging (where packaging is applicable).  Packaging should be the same as what is found in a retail store, unless the item was packaged by the manufacturer in non-retail packaging, such as an unprinted box or plastic bag.  See the seller's listing for full details. ","","Unisex Adult","","","","","X-Small","","","","Flat Bar","","Does Not Apply","Aluminum","TALON 4 29”","2022","16","","","","","","","Front","Clincher Tires","","","","27.5 in","Sporting Goods>Cycling Equipment>Bikes","S dollar","622154","AEID-5183","28","US $598.00","ebay_singapore_bicycles","2022-10-11 08:48:57","https://www.ebay.com.sg","Singapore","https://www.ebay.com.sg/itm/325284288452?hash=item4bbc7457c4:g:ebAAAOSwMydi4PeS&amdata=enc%3AAQAHAAAAoP4%2FgtK9Pj0PEGY5Y7iAeBsY4nTKLhi%2Fkbd4%2BNvmdzkChkRlaUrqgGVnGYXZ0kEXADgqeBdiFvtN23iwDOlgLpLV57xmHTqMxWEyRT3i6t%2FTcwlVUjs7frNq32djca8Fhy5G5uLYz5rann8rkhB%2B8O2aYEK8xMZJzyPa6spy6LXIU42XY2Tl1CkomFbGeS5WY3j7A%2F1kCoWfHY%2FrnrULXZY%3D%7Ctkp%3ABk9SR7T72-P4YA","","GIANT TALON 4 MTL BLK 27.5 XS 2022 Bike - MTB DISC BRAKE Mountain Bikes","","Bike"
"","0","Mountain Bike","Disc Brake - Mechanical","Giant","","","Metallic Black","New:  A brand-new, unused, unopened, undamaged item in its original packaging (where packaging is applicable).  Packaging should be the same as what is found in a retail store, unless the item was packaged by the manufacturer in non-retail packaging, such as an unprinted box or plastic bag.  See the seller's listing for full details. ","","Unisex Adult","","","","","Small","","","","Flat Bar","","Does Not Apply","Aluminum","TALON 4 29”","2022","16","","","","","","","Front","Clincher Tires","","","","27.5 in","Sporting Goods>Cycling Equipment>Bikes","S dollar","622154","AEID-5183","29","US $598.00","ebay_singapore_bicycles","2022-10-11 08:48:57","https://www.ebay.com.sg","Singapore","https://www.ebay.com.sg/itm/325284288683?hash=item4bbc7458ab:g:ZcEAAOSw8p9i4PgO&amdata=enc%3AAQAHAAAAoI%2FWhBX2aXNTPbIm8FvVsHkM68gqqR%2Bae2EWfA7656usoutvshp%2BmxcAyGqWmNKTHc8yaj%2BQ7%2BlO4UtPSAqq7RbUKMjLGmUHLXj7GOI5Mo%2Bd%2Bjz1Hpq%2FkhEksg3V0GaVvXhekwrzANkoG%2BHjP0qUBNuy28eRLlZfd1wIkAYyxtB0te18uieAs%2F8SNCyz6dTxpye6e2Ji9NU%2BVCAz0WsRqwo%3D%7Ctkp%3ABk9SR7T72-P4YA","","GIANT TALON 4 MTL BLK 27.5 S 2022 Bike - MTB DISC BRAKE Mountain Bikes","","Bike"
"","0","Mountain Bike","Disc Brake - Mechanical","Giant","","","Metallic Black","New:  A brand-new, unused, unopened, undamaged item in its original packaging (where packaging is applicable).  Packaging should be the same as what is found in a retail store, unless the item was packaged by the manufacturer in non-retail packaging, such as an unprinted box or plastic bag.  See the seller's listing for full details. ","","Unisex Adult","","","","","Large","","","","Flat Bar","","Does Not Apply","Aluminum","TALON 4 29”","2022","16","","","","","","","Front","Clincher Tires","","","","27.5 in","Sporting Goods>Cycling Equipment>Bikes","S dollar","622154","AEID-5183","30","US $598.00","ebay_singapore_bicycles","2022-10-11 08:48:57","https://www.ebay.com.sg","Singapore","https://www.ebay.com.sg/itm/325284288770?hash=item4bbc745902:g:zh8AAOSw27Ri4Pjg&amdata=enc%3AAQAHAAAAoMmPw6YM0LpDWJSU9qKv%2BoPb9ftPZhJAYe0EMPE%2BsODkZ8%2BTVFy0qQi3syir8OUkeKc5%2FgfXr0dSwPQsHyT1g9d37Lpx0LGLzm%2FlDUwD8J%2Fh%2BM6IUWCCR%2FkHjh8xTEi7FeZPpnPGy%2BLrkiMwPz6FnqIVTW91KTDw4oGaV1R%2FuNywW2Fs4gMR0He4m5WhXObH21PbpovGuyl3QIxjqakaTkc%3D%7Ctkp%3ABk9SR7T72-P4YA","","GIANT TALON 4 MTL BLK 27.5 L 2022 Bike - MTB DISC BRAKE Mountain Bikes","","Bike"
"","1","Mountain Bike","Disc Brake - Hydraulic","Giant","","","Grey","New:  A brand-new, unused, unopened, undamaged item in its original packaging (where packaging is applicable).  Packaging should be the same as what is found in a retail store, unless the item was packaged by the manufacturer in non-retail packaging, such as an unprinted box or plastic bag.  See the seller's listing for full details. ","","Unisex Adult","","","","","Large","","","","Flat Bar","","Does Not Apply","Aluminium","TALON 2 29""","2021","16 Speed","","","","","","","Front","","","","","29 in","Sporting Goods>Cycling Equipment>Bikes","S dollar","622154","AEID-5183","31","GBP 382.40","ebay_singapore_bicycles","2022-10-11 08:48:57","https://www.ebay.com.sg","Singapore","https://www.ebay.com.sg/itm/255666015893?hash=item3b86e1ce95:g:lDAAAOSwsGVi8ACN&amdata=enc%3AAQAHAAAAoIaFb%2FsPuV25CUXjExpe3Qp3j7iEUSqmOO1absDqPQ8vc%2BTAUWfv3R0ouS3hNTmdHGmygCU4CCar8vFQEP258%2BR51Kp6VYS9iYgcIxc8bLtXYUSZnBorRq8qUk5K917fRp34tuAaECk%2F0KtuvKnbEU%2BIfSLlK%2FEDLoEuJzNaxo%2FlN8zqCHYpLTZfM9rxB8ZhT3ExxTV7JTvCwk98BjzFnE0%3D%7Ctkp%3ABk9SR7L72-P4YA","","GIANT TALON 29 2 GREY L 2021 Bike - MTB DISC BRAKE Mountain Bikes","","Bike"
"","0","Mountain Bike","Disc Brake - Mechanical","Giant","","","Metallic Black","New:  A brand-new, unused, unopened, undamaged item in its original packaging (where packaging is applicable).  Packaging should be the same as what is found in a retail store, unless the item was packaged by the manufacturer in non-retail packaging, such as an unprinted box or plastic bag.  See the seller's listing for full details. ","","Unisex Adult","","","","","Large","","","","Flat Bar","","Does Not Apply","Aluminium","Talon 4 29""","2022","16 Speed","","","","","","","Front","","","","","27.5 in","Sporting Goods>Cycling Equipment>Bikes","S dollar","622154","AEID-5183","32","GBP 382.40","ebay_singapore_bicycles","2022-10-11 08:48:57","https://www.ebay.com.sg","Singapore","https://www.ebay.com.sg/itm/255648488975?hash=item3b85d65e0f:g:DkgAAOSwkE9i4PgW&amdata=enc%3AAQAHAAAAoNbMd7RYuMNZJEZieRp%2BS7lhHoveA38ydvbGE9tRAnJwrAYFq8Bxi5viax%2Fw7%2B%2B0c%2FbmHdD8kIG1%2FRWxgAdUnis5zcxb8HWr%2Bp9mArKXltFrHe9CgJGzmrTDyAdN%2B3OpOkg0WV4n%2FTSgtoOGTUasnjdAztLupubSVVnfCaAixIeBi%2Ffu8G86rfq5Ft679eSjsgl7XyYEws2ZUVDXm1mPEYk%3D%7Ctkp%3ABk9SR7T72-P4YA","","GIANT TALON 4 MTL BLK 27.5 L 2022 Bike - MTB DISC BRAKE Mountain Bikes","","Bike"
"","0","Mountain Bike","Disc Brake - Mechanical","Giant","","","Metallic Black","New:  A brand-new, unused, unopened, undamaged item in its original packaging (where packaging is applicable).  Packaging should be the same as what is found in a retail store, unless the item was packaged by the manufacturer in non-retail packaging, such as an unprinted box or plastic bag.  See the seller's listing for full details. ","","Unisex Adult","","","","","X-Small","","","","Flat Bar","","Does Not Apply","Aluminium","Talon 4 29""","2022","16 Speed","","","","","","","Front","","","","","27.5 in","Sporting Goods>Cycling Equipment>Bikes","S dollar","622154","AEID-5183","33","GBP 382.40","ebay_singapore_bicycles","2022-10-11 08:48:57","https://www.ebay.com.sg","Singapore","https://www.ebay.com.sg/itm/255648488428?hash=item3b85d65bec:g:yuwAAOSw0odi4PiV&amdata=enc%3AAQAHAAAAoIhOm07zsr0nPkAzhPCbjp8Tj2H90UqNiIS4NPr2tQ62MmsyoF8eDmDGwG75HJ8bB4xl1DvXMk2%2BaZdyUbv4q4eqJz7Lg36mTpI%2BihTBgM660fDrECdlCxX2szTFbkvtUlnOL28b883%2B1HNMZbpboLoTiOP1i4i%2FaUwc0BDPMKmDuggWWKJTJSDQfJ9xqPR0qyePem6o0XQ803AV4h9uwBw%3D%7Ctkp%3ABk9SR7T72-P4YA","","GIANT TALON 4 MTL BLK 27.5 XS 2022 Bike - MTB DISC BRAKE Mountain Bikes","","Bike"
"","0","Mountain Bike","Disc Brake - Mechanical","Giant","","","Metallic Black","New:  A brand-new, unused, unopened, undamaged item in its original packaging (where packaging is applicable).  Packaging should be the same as what is found in a retail store, unless the item was packaged by the manufacturer in non-retail packaging, such as an unprinted box or plastic bag.  See the seller's listing for full details. ","","Unisex Adult","","","","","Small","","","","Flat Bar","","Does Not Apply","Aluminium","Talon 4 29""","2022","16 Speed","","","","","","","Front","","","","","27.5 in","Sporting Goods>Cycling Equipment>Bikes","S dollar","622154","AEID-5183","34","GBP 382.40","ebay_singapore_bicycles","2022-10-11 08:48:57","https://www.ebay.com.sg","Singapore","https://www.ebay.com.sg/itm/255648488700?hash=item3b85d65cfc:g:2s4AAOSwXqhi4Pf0&amdata=enc%3AAQAHAAAAoCQfefOm7nH4eHo7XQOguN9RAm5cu%2BjceBUPrPaQAEN2wCcVBiw6YNXb1xvSalhp4I%2BkLwwR8%2FLOfTzER7PBcQnGaNoH4cLJITkIOy2utSgrfljK1xBBaHI6Se2tYhw9kGsr9V0FCzCqT05ISdULySF0Xrrf3slHa%2B268uRI28mXkeMI9PsTZvXO%2BXrpov6IpPwxjLFpQGJ1%2FqjjISs7E6w%3D%7Ctkp%3ABk9SR7T72-P4YA","","GIANT TALON 4 MTL BLK 27.5 S 2022 Bike - MTB DISC BRAKE Mountain Bikes","","Bike"
"","0","Mountain Bike","Mechanical Disc Brakes","Giant","","","Faded Beige","New:  A brand-new, unused, unopened, undamaged item in its original packaging (where packaging is applicable).  Packaging should be the same as what is found in a retail store, unless the item was packaged by the manufacturer in non-retail packaging, such as an unprinted box or plastic bag.  See the seller's listing for full details. ","","Unisex Children","","","","","One Size","","","","Flat Bar","","Does Not Apply","Carbon Fiber","XTC JR DISC 24","2022","7 Speed","","","","","","","Front","Clincher Tires","","","","24 in","Sporting Goods>Cycling Equipment>Bikes","S dollar","622154","AEID-5183","35","US $498.00","ebay_singapore_bicycles","2022-10-11 08:48:58","https://www.ebay.com.sg","Singapore","https://www.ebay.com.sg/itm/325284345032?hash=item4bbc7534c8:g:fxYAAOSwCTJi4Q1A&amdata=enc%3AAQAHAAAAoLye9%2Bf8DM%2F6NOY8YEW66LPCxwKwddUiMJjClQtSrWcWrNzUs4gV5%2BlfasLrX7dI3YvlMb9lYSNlDoyIVvrdsTh3kRVB7C3b4qeciS8OD3YSTsllvB5482UyrH5c40XazPGldKi3e2KUYVir8M%2FYgg8zLTgG8v1Gfre7swG6zZbvFVgW5LUFyfe3VZF%2FjLfA8AwnWX2zsI4GdNoxfw8qXvU%3D%7Ctkp%3ABk9SR7T72-P4YA","","GIANT XTC JR 24 DB FADED BEIGE 2022 Bike MTB DISC BRAKE KID JUNIOR Mountain Bike","","Bike"
"","0","Racing Bike","Disc Brake - Hydraulic","Giant","","","Matte Starry Night/Chrome","New:  A brand-new, unused, unopened, undamaged item in its original packaging (where packaging is applicable).  Packaging should be the same as what is found in a retail store, unless the item was packaged by the manufacturer in non-retail packaging, such as an unprinted box or plastic bag.  See the seller's listing for full details. ","","Unisex Adult","","","","","X-Small","","","","Drop Bar","","Does Not Apply","Carbon Fiber","PROPEL ADVANCED PRO DISC 1","2022","24 Speed","","","","Road Bike Shifter","","","No Suspension","Clincher Tires","","","","700C","Sporting Goods>Cycling Equipment>Bikes","S dollar","622154","AEID-5183","36","US $5,555.00","ebay_singapore_bicycles","2022-10-11 08:48:58","https://www.ebay.com.sg","Singapore","https://www.ebay.com.sg/itm/325298064637?hash=item4bbd468cfd:g:gXoAAOSw20di8NeQ&amdata=enc%3AAQAHAAAAoOsYsylPKwXbgSCxuPc%2B15U9haEIeYReC8lxGC4KUbr1Zjs06Yz7XQV8xtqk4EBBhfK6QDBYmCfUPqRvWSlTbWyE0de1yuql04GiJET75Yamls7nTRy7HrenDM67qfeWC3qjbKaZWF77n53YpbkMSgRaVckO2kyBNI9TWgs0dTs0zL0QpsZSRbcW%2F%2B96QyZ%2BrtJAHShLdVzmLrl7kuVjXjE%3D%7Ctkp%3ABk9SR7L72-P4YA","","GIANT PROPEL ADV PRO DB 1 XS STARRY NIGHT 2022  Road Bike - race Carbon Bike","","Bike"
"","0","Mountain Bike","Disc Brake - Mechanical","Giant","","","Metallic Black","New:  A brand-new, unused, unopened, undamaged item in its original packaging (where packaging is applicable).  Packaging should be the same as what is found in a retail store, unless the item was packaged by the manufacturer in non-retail packaging, such as an unprinted box or plastic bag.  See the seller's listing for full details. ","","Unisex Adult","","","","","Medium","","","","Flat Bar","","Does Not Apply","Aluminium","Talon 4 29""","2022","16 Speed","","","","","","","Front","","","","","27.5 in","Sporting Goods>Cycling Equipment>Bikes","S dollar","622154","AEID-5183","37","GBP 382.40","ebay_singapore_bicycles","2022-10-11 08:48:58","https://www.ebay.com.sg","Singapore","https://www.ebay.com.sg/itm/255648488697?hash=item3b85d65cf9:g:w7QAAOSw5C5i4Pfz&amdata=enc%3AAQAHAAAAoCGH7MVCnDc8NWsVg9FUu2YJhremOawDDq8L%2Fxyy8NaNwCjPkxGj6FjGu5PlpdxcGH1QHwOFkJUqy0a9r%2F5HMlAB3cNE6vZmfQh%2F51V0WYtaklEme4aJ1yPRB5B8O786SjIc00gIbQLlbNS%2BI6ChAX39ibyJ65MGHzZAYFlZtKez%2BMiYcRDxQ3BkaHqdu2c9nEEgfOTvC%2BEV5Zlwih7eSGQ%3D%7Ctkp%3ABk9SR7T72-P4YA","","GIANT TALON 4 MTL BLK 27.5 M 2022 Bike - MTB DISC BRAKE Mountain Bikes","","Bike"
"","0","Mountain Bike","Disc Brake - Mechanical","Giant","","","Metallic Black","New:  A brand-new, unused, unopened, undamaged item in its original packaging (where packaging is applicable).  Packaging should be the same as what is found in a retail store, unless the item was packaged by the manufacturer in non-retail packaging, such as an unprinted box or plastic bag.  See the seller's listing for full details. ","","Unisex Adult","","","","","Medium","","","","Flat Bar","","Does Not Apply","Aluminum","TALON 4 29”","2022","16","","","","","","","Front","Clincher Tires","","","","27.5 in","Sporting Goods>Cycling Equipment>Bikes","S dollar","622154","AEID-5183","38","US $598.00","ebay_singapore_bicycles","2022-10-11 08:48:58","https://www.ebay.com.sg","Singapore","https://www.ebay.com.sg/itm/325284288682?hash=item4bbc7458aa:g:Za8AAOSw8p9i4PgD&amdata=enc%3AAQAHAAAAoE%2BOlRtpwOZCszUTN5DRPyu4yzZ8AqkDrsw6y0nVT2jNtyZUYaIX9Ban4oBmBBnabxiWfoFMr%2BgRCZ09YoEhThc6ifxqUXZCE1%2Fxn796IZ7rG9t3WsCBhIMZaoVTyOw15HqWRRDGowZtkVcdi3Ta%2B9G6rinmFBWjokr5p11chuXa2mOH36wuv%2FId1WVdSHT6xWBWspZx6z6jzm%2FsE%2BKnL50%3D%7Ctkp%3ABk9SR7T72-P4YA","","GIANT TALON 4 MTL BLK 27.5 M 2022 Bike - MTB DISC BRAKE Mountain Bikes","","Bike"
"","0","Racing Bike","Disc Brake - Hydraulic","Giant","","","Matte Starry Night/Chrome","New:  A brand-new, unused, unopened, undamaged item in its original packaging (where packaging is applicable).  Packaging should be the same as what is found in a retail store, unless the item was packaged by the manufacturer in non-retail packaging, such as an unprinted box or plastic bag.  See the seller's listing for full details. ","","Unisex Adult","","","","","Small","","","","Drop Bar","","Does Not Apply","Carbon Fiber","PROPEL ADVANCED PRO DISC 1","2022","24 Speed","","","","Road Bike Shifter","","","No Suspension","Clincher Tires","","","","700C","Sporting Goods>Cycling Equipment>Bikes","S dollar","622154","AEID-5183","39","US $5,555.00","ebay_singapore_bicycles","2022-10-11 08:48:58","https://www.ebay.com.sg","Singapore","https://www.ebay.com.sg/itm/325298065321?hash=item4bbd468fa9:g:06sAAOSwrAxi8NfZ&amdata=enc%3AAQAHAAAAoFfC7RBHQb3MOkJGW%2FNurL9y9FIsXTF8IdBeM2%2FITmXobnuQIAo1bFV3r7DI9hxxU7GrG05EysLNDlnKsCexSz2dsL2NnPonKrNqmbd2lHbu6qv48%2FHH8qRbcie1tcv5njLr6MILBWX%2BeW3n80UsTnBQH1oY4m1dN%2BFTzgmij2kU91emH6LAN2jThjecCwxPPfO%2F4wXsXj%2FmVDq%2FdKckO9Q%3D%7Ctkp%3ABk9SR7L72-P4YA","","GIANT PROPEL ADV PRO DB 1 S STARRY NIGHT 2022  Road Bike - race Carbon Bike","","Bike"
"","0","Mountain Bike","mechanical disc brakes","Giant","","","Faded Beige","New:  A brand-new, unused, unopened, undamaged item in its original packaging (where packaging is applicable).  Packaging should be the same as what is found in a retail store, unless the item was packaged by the manufacturer in non-retail packaging, such as an unprinted box or plastic bag.  See the seller's listing for full details. ","","Unisex Children","","","","","One Size","","","","Flat Bar","","Does Not Apply","Aluminium","XTC JR DISC 24","2022","7 Speed","","","","","","","Front","","","","","24 in","Sporting Goods>Cycling Equipment>Bikes","S dollar","622154","AEID-5183","40","GBP 319.20","ebay_singapore_bicycles","2022-10-11 08:48:58","https://www.ebay.com.sg","Singapore","https://www.ebay.com.sg/itm/255648576871?hash=item3b85d7b567:g:Fx4AAOSwm9Fi4Q1J&amdata=enc%3AAQAHAAAAoBqOVzJ%2FUjw2Ba95gT4LN1qQcFOAdSherUCMOdxI9wce%2FROXHaa117J%2FfiInEk3o2aYlG5n6rmKSiyfhxSaneDn%2Fn1gVvPyR2lPFMx%2F4%2FXA4KuyKfzOalh6E7ReqQDDukqfgBsI63Ezel9lw0o6AYuSu7XHgc3dOLPR7DcRFByMRBYMPgVFEqwudE0%2FePpXX%2B0So692m%2BJ%2Bi5JPwZy6alkc%3D%7Ctkp%3ABk9SR7T72-P4YA","","GIANT XTC JR 24 DB FADED BEIGE 2022 Bike MTB DISC BRAKE KID JUNIOR Mountain Bike","","Bike"
"","0","Racing Bike","Disc Brake - Hydraulic","Giant","","","Matte Starry Night/Chrome","New:  A brand-new, unused, unopened, undamaged item in its original packaging (where packaging is applicable).  Packaging should be the same as what is found in a retail store, unless the item was packaged by the manufacturer in non-retail packaging, such as an unprinted box or plastic bag.  See the seller's listing for full details. ","","Unisex Adult","","","","","ML","","","","Drop Bar","","Does Not Apply","Carbon Fiber","PROPEL ADVANCED PRO DISC 1","2022","24 Speed","","","","Road Bike Shifter","","","No Suspension","Clincher Tires","","","","700C","Sporting Goods>Cycling Equipment>Bikes","S dollar","622154","AEID-5183","41","US $5,555.00","ebay_singapore_bicycles","2022-10-11 08:48:58","https://www.ebay.com.sg","Singapore","https://www.ebay.com.sg/itm/325298065328?hash=item4bbd468fb0:g:SKMAAOSwgzZi8Nfa&amdata=enc%3AAQAHAAAAoFZnHcMng2Gj26ifHWMT5b07k46uhlxP1O1n9ziDOhjUl%2Fea%2F%2FjHgt9jHRarjtnGldonhvfg2h8hLeBLCiTt%2BtOAZXd7Ct6cG4cWoXhyfQBVjOp9rSk2kvaUsGVixkrSGcCq6OTp2DJPZTBGcXMTetV7X%2BCz%2FXVHR6HewJLrAd9zP6JJz%2FvbAxWFivM0xB738PM5ZSb2P4gtMghbGQmbHAs%3D%7Ctkp%3ABk9SR7L72-P4YA","","GIANT PROPEL ADV PRO DB 1 ML STARRY NIGHT 2022  Road Bike - race Carbon Bike","","Bike"
"","0","Racing Bike","Disc Brake - Hydraulic","Giant","","","Matte Starry Night/Chrome","New:  A brand-new, unused, unopened, undamaged item in its original packaging (where packaging is applicable).  Packaging should be the same as what is found in a retail store, unless the item was packaged by the manufacturer in non-retail packaging, such as an unprinted box or plastic bag.  See the seller's listing for full details. ","","Unisex Adult","","","","","Medium","","","","Drop Bar","","Does Not Apply","Carbon Fiber","PROPEL ADVANCED PRO DISC 1","2022","24 Speed","","","","Road Bike Shifter","","","No Suspension","Clincher Tires","","","","700C","Sporting Goods>Cycling Equipment>Bikes","S dollar","622154","AEID-5183","42","US $5,555.00","ebay_singapore_bicycles","2022-10-11 08:48:58","https://www.ebay.com.sg","Singapore","https://www.ebay.com.sg/itm/325298065326?hash=item4bbd468fae:g:rxAAAOSwM4Fi8Nfa&amdata=enc%3AAQAHAAAAoP3cMnMvi2Tbl5OYA3WG6P47R6LYM%2FgOWrfOuqUjvuCD0w2D9bEoKq6fb%2Bwn5ANBIQD17Zz2YiIfm5otKf0tVFfcbrz%2FH%2F%2BEElLTFXyCrDkd9iR%2FumILWxCoRFHHgPJe%2F5IrNEwMsu1tw7bMA8LEqpyV3INKQIdqZDiOaEgs5LByqeaeJvficX6kutA1tL2PnDKylLaQqhtvFF5yMK04mRI%3D%7Ctkp%3ABk9SR7L72-P4YA","","GIANT PROPEL ADV PRO DB 1 M STARRY NIGHT 2022  Road Bike - race Carbon Bike","","Bike"
"","0","Racing Bike","Disc Brake - Hydraulic","Giant","","","Matte Starry Night/Chrome","New:  A brand-new, unused, unopened, undamaged item in its original packaging (where packaging is applicable).  Packaging should be the same as what is found in a retail store, unless the item was packaged by the manufacturer in non-retail packaging, such as an unprinted box or plastic bag.  See the seller's listing for full details. ","","Unisex Adult","","","","","X-Small","","","","Drop Bar","","Does Not Apply","Carbon Fibre","PROPEL ADVANCED PRO DISC 1","2022","24 Speed","","","","","","","No Suspension","","","","","700C","Sporting Goods>Cycling Equipment>Bikes","S dollar","622154","AEID-5183","43","GBP 3,678.40","ebay_singapore_bicycles","2022-10-11 08:48:58","https://www.ebay.com.sg","Singapore","https://www.ebay.com.sg/itm/255666943721?hash=item3b86eff6e9:g:R9AAAOSwyYVi8Nev&amdata=enc%3AAQAHAAAAoIUMsU0LQ7CmByBaoodI6BaUl%2BR0iF5mo6iFt4mdVfM1hs6COzFzR8uKXSTJAzysEWAkMZGMCMkDGqICpwHyCqYMtgfemt6%2BqaVr0%2BsoJh%2F7LitZcoqiAJkGLgqCuBgSCPyIpKL6tpzO2Zve6MPQ8elW%2BEEF7Mb4APU3Lq8Z0j6hebu0YHZtGpzGTY%2BPrx5tuvYasz8d3p73uC0QJdCir4o%3D%7Ctkp%3ABk9SR7L72-P4YA","","GIANT PROPEL ADV PRO DB 1 XS STARRY NIGHT 2022  Road Bike - race Carbon Bike","","Bike"
"","0","Racing Bike","Disc Brake - Hydraulic","Giant","","","Matte Starry Night/Chrome","New:  A brand-new, unused, unopened, undamaged item in its original packaging (where packaging is applicable).  Packaging should be the same as what is found in a retail store, unless the item was packaged by the manufacturer in non-retail packaging, such as an unprinted box or plastic bag.  See the seller's listing for full details. ","","Unisex Adult","","","","","Medium","","","","Drop Bar","","Does Not Apply","Carbon Fibre","PROPEL ADVANCED PRO DISC 1","2022","24 Speed","","","","","","","No Suspension","","","","","700C","Sporting Goods>Cycling Equipment>Bikes","S dollar","622154","AEID-5183","44","GBP 3,678.40","ebay_singapore_bicycles","2022-10-11 08:48:58","https://www.ebay.com.sg","Singapore","https://www.ebay.com.sg/itm/255666944326?hash=item3b86eff946:g:PVkAAOSwvShi8Nfj&amdata=enc%3AAQAHAAAAoM3%2BNW65mGoYgtPvOj3RfrOMQxAMCAshg%2B2t4YwiiAR2zQxspdo%2Byf1%2F5psCdCXm1ORMLdSvnuTBx12wDHNYiZFPVSkNCmIoUnJ%2BQlgt38BW1NmA3pqGErmqBX1rP3ePkYgw6l7u6olL1v3QdzIczhSlxP%2Fvd37SJB%2FteRyMis%2BAgIkUhlorV5X1imoQeoqxqV5eN%2BJDY6ACyngJf1uIds0%3D%7Ctkp%3ABk9SR7L72-P4YA","","GIANT PROPEL ADV PRO DB 1 M STARRY NIGHT 2022  Road Bike - race Carbon Bike","","Bike"
"","0","Racing Bike","Disc Brake - Hydraulic","Giant","","","Matte Starry Night/Chrome","New:  A brand-new, unused, unopened, undamaged item in its original packaging (where packaging is applicable).  Packaging should be the same as what is found in a retail store, unless the item was packaged by the manufacturer in non-retail packaging, such as an unprinted box or plastic bag.  See the seller's listing for full details. ","","Unisex Adult","","","","","Small","","","","Drop Bar","","Does Not Apply","Carbon Fibre","PROPEL ADVANCED PRO DISC 1","2022","24 Speed","","","","","","","No Suspension","","","","","700C","Sporting Goods>Cycling Equipment>Bikes","S dollar","622154","AEID-5183","45","GBP 3,678.40","ebay_singapore_bicycles","2022-10-11 08:48:58","https://www.ebay.com.sg","Singapore","https://www.ebay.com.sg/itm/255666944332?hash=item3b86eff94c:g:qCwAAOSwmCNi8Nfl&amdata=enc%3AAQAHAAAAoA5%2Bw%2B8v65KN0f2a3cdTvgNRpOdxDCXswg0OAdU5M1d7mqdxBMVSki3WjP6Hwm0SgF8Vqh0llqkvRWsnBh%2FsSrsKCgG3PsehD0Xruewz86OaztGXxQKX9KdqAZH82fAHhoUnKMtC490Fe30hKzQkicsyWj9dfsTuWOOiqHSffF8rJe7UkVQU5PEx8Nss1Mn4QrrtFHw%2BM7DdpcXL4dngjnY%3D%7Ctkp%3ABk9SR7L72-P4YA","","GIANT PROPEL ADV PRO DB 1 S STARRY NIGHT 2022  Road Bike - race Carbon Bike","","Bike"
"","0","Racing Bike","Disc Brake - Hydraulic","Giant","","","Matte Starry Night/Chrome","New:  A brand-new, unused, unopened, undamaged item in its original packaging (where packaging is applicable).  Packaging should be the same as what is found in a retail store, unless the item was packaged by the manufacturer in non-retail packaging, such as an unprinted box or plastic bag.  See the seller's listing for full details. ","","Unisex Adult","","","","","Large","","","","Drop Bar","","Does Not Apply","Carbon Fibre","PROPEL ADVANCED PRO DISC 1","2022","24 Speed","","","","","","","No Suspension","","","","","700C","Sporting Goods>Cycling Equipment>Bikes","S dollar","622154","AEID-5183","46","GBP 3,678.40","ebay_singapore_bicycles","2022-10-11 08:48:58","https://www.ebay.com.sg","Singapore","https://www.ebay.com.sg/itm/255666944338?hash=item3b86eff952:g:8zAAAOSwwDli8Nfm&amdata=enc%3AAQAHAAAAoNtvbO9llyODxjWy5J88NbnG0SPoYsUUsZq3Ajft1L6DCY%2BAojzBfBjZGOhYgu8xK0Cu%2FiAH5xLO6PnaUtnoVdsKHj0yZwH6cQpxmvydi13z797Eh%2BvFAeofUmsW8C8INhnuHhx6RAl1Y3GRvVoO3bN4SvJpwEZTxTetJFlhnp7xXypkB59e8Cwzs6Y7CaR6v6zRuJVVjwNJ%2B0rFaQRKdQQ%3D%7Ctkp%3ABk9SR7L72-P4YA","","GIANT PROPEL ADV PRO DB 1 L STARRY NIGHT 2022  Road Bike - race Carbon Bike","","Bike"
"","0","Racing Bike","Disc Brake - Hydraulic","Giant","","","Matte Starry Night/Chrome","New:  A brand-new, unused, unopened, undamaged item in its original packaging (where packaging is applicable).  Packaging should be the same as what is found in a retail store, unless the item was packaged by the manufacturer in non-retail packaging, such as an unprinted box or plastic bag.  See the seller's listing for full details. ","","Unisex Adult","","","","","ML","","","","Drop Bar","","Does Not Apply","Carbon Fibre","PROPEL ADVANCED PRO DISC 1","2022","24 Speed","","","","","","","No Suspension","","","","","700C","Sporting Goods>Cycling Equipment>Bikes","S dollar","622154","AEID-5183","47","GBP 3,678.40","ebay_singapore_bicycles","2022-10-11 08:48:59","https://www.ebay.com.sg","Singapore","https://www.ebay.com.sg/itm/255666944329?hash=item3b86eff949:g:rZ4AAOSwbvhi8Nfk&amdata=enc%3AAQAHAAAAoHkJgS0NwFZ%2FuUU4IsVQkWeuPVqT3aKNfJPo7zyZlwXy4lF8wFWrG7wt4%2B2A4k3mfHaekUPG0Dox8vyahc5Kw5dKamAq0hjP3niiVlqq7MQvePoKBXTgAiRTJzV9X22syLEvS83rqU1Y3dG%2BRe1rNMJMaEX6z6tylowRaWLcQMpsosQbLnKrDXQOT2PpDlIyySoXyqyFSgIAFJCHB7Ic8j4%3D%7Ctkp%3ABk9SR7L72-P4YA","","GIANT PROPEL ADV PRO DB 1 ML STARRY NIGHT 2022  Road Bike - race Carbon Bike","","Bike"
"","0","Racing Bike","Disc Brake - Hydraulic","Giant","","","Knight Shield / Reflective Rosewood","New:  A brand-new, unused, unopened, undamaged item in its original packaging (where packaging is applicable).  Packaging should be the same as what is found in a retail store, unless the item was packaged by the manufacturer in non-retail packaging, such as an unprinted box or plastic bag.  See the seller's listing for full details. ","","Unisex Adult","","","","","X-Small","","","","Drop Bar","","Does Not Apply","Carbon Fiber","PROPEL ADV DB 1","2022","24 Speed","","","","Road Bike Shifter","","","No Suspension","Clincher Tires","","","","700C","Sporting Goods>Cycling Equipment>Bikes","S dollar","622154","AEID-5183","48","US $4,898.00","ebay_singapore_bicycles","2022-10-11 08:48:59","https://www.ebay.com.sg","Singapore","https://www.ebay.com.sg/itm/325298125140?hash=item4bbd477954:g:410AAOSwtoZi8OvX&amdata=enc%3AAQAHAAAAoMATEPyuLbsoBAY%2F8Du9lGfz3lxR3rWkgf7WE4Z%2F%2FHD0ww8CX3QLVI0x1HjkOt%2BXBVKNbZH6AAaSAQXI3aRZoiNvzc9G2ONllcZWshUznnHRqURtYzsxSEDPhbiSvfuAX0dWRTV68dbVbQQewlS7gseuIBv2KxpOE3XCULkiOdLytaeplmgRCFj%2Fq5HyoBuLRB%2Bz4d0hxu4NTvIvQU0w%2FsM%3D%7Ctkp%3ABk9SR7L72-P4YA","","GIANT PROPEL ADV DB 1 XS KNIGHT SHLD 2022 Road Bike - race Carbon Bike","","Bike"
"","0","Racing Bike","Disc Brake - Hydraulic","Giant","","","Knight Shield / Reflective Rosewood","New:  A brand-new, unused, unopened, undamaged item in its original packaging (where packaging is applicable).  Packaging should be the same as what is found in a retail store, unless the item was packaged by the manufacturer in non-retail packaging, such as an unprinted box or plastic bag.  See the seller's listing for full details. ","","Unisex Adult","","","","","M/L","","","","Drop Bar","","Does Not Apply","Carbon Fibre","PROPEL ADV DB 1","2022","24 Speed","","","","","","","No Suspension","","","","","700C","Sporting Goods>Cycling Equipment>Bikes","S dollar","622154","AEID-5183","49","GBP 3,094.40","ebay_singapore_bicycles","2022-10-11 08:48:59","https://www.ebay.com.sg","Singapore","https://www.ebay.com.sg/itm/255668758066?hash=item3b870ba632:g:dkkAAOSwPP5i8l8O&amdata=enc%3AAQAHAAAAoPEE20A%2Fe15oRuxytXYq%2FUnI66Ofeq2kBUmSvjkpwUJAHiagGSm9njfMGWoCU5ofnkYB%2B5%2BMUnNn0k8lTl9t%2F7kbEwB4L51lCjIFeCdfTGi5qdeQZD0hepdVWbXsbHDTvZ2hgECtTHua%2BltWG2vT0bcRWhZdQb1wiXx%2BTSQmyIuLcpPM3qdnDg1pCbcUI73rP5zFVBi19JlJKs1%2BvKYnpDg%3D%7Ctkp%3ABk9SR7L72-P4YA","","GIANT PROPEL ADV DB 1 M/L KNIGHT SHLD 2022 Road Bike - race Carbon Bike","","Bike"
"","0","Racing Bike","Disc Brake - Hydraulic","Giant","","","Gloss Amber Glow / Matte Carbon","New:  A brand-new, unused, unopened, undamaged item in its original packaging (where packaging is applicable).  Packaging should be the same as what is found in a retail store, unless the item was packaged by the manufacturer in non-retail packaging, such as an unprinted box or plastic bag.  See the seller's listing for full details. ","","Unisex Adult","","","","","ML","","","","Drop Bar","","Does Not Apply","Carbon Fiber","TCR ADV PRO 0 DB AX","2022","24 Speed","","","","Road Bike Shifter","","","No Suspension","Clincher Tires","","","","700C","Sporting Goods>Cycling Equipment>Bikes","S dollar","622154","AEID-5183","50","US $6,198.00","ebay_singapore_bicycles","2022-10-11 08:48:59","https://www.ebay.com.sg","Singapore","https://www.ebay.com.sg/itm/325300383817?hash=item4bbd69f049:g:MLAAAOSwI0Zi81uw&amdata=enc%3AAQAHAAAAoHNDGJbPXUe7bCYaJpu6B0SwVaPzGf2S4cNirTEDuiOGITTFs63aRUdZqByeOxp1tKnu0M44X7bl09neH6SUBVvP66U6OlHZ5hUH6gVqS7EZjFaElmVWnonJSmedk1uBzCZ843BNWhSDgEVhmkaVEDDsxOJMq3J%2FQWUmwKpfAfxINyvoPhUu7jh4MUF6pqYbDsJx2r54LAbDX17gd0BAZYs%3D%7Ctkp%3ABk9SR7D72-P4YA","","GIANT TCR ADV PRO 0 DB AX ML AMBER GLOW 2022 Road Bike - race Carbon Bike","","Bike"
"","0","Racing Bike","Disc Brake - Hydraulic","Giant","","","Carbon / Knight Shield","New:  A brand-new, unused, unopened, undamaged item in its original packaging (where packaging is applicable).  Packaging should be the same as what is found in a retail store, unless the item was packaged by the manufacturer in non-retail packaging, such as an unprinted box or plastic bag.  See the seller's listing for full details. ","","Unisex Adult","","","","","Medium","","","","Drop Bar","","Does Not Apply","Carbon Fiber","TCR ADVANCED DISC 2 PRO COMPACT","2022","22 Speed","","","","Road Bike Shifter","","","No Suspension","Clincher Tires","","","","700C","Sporting Goods>Cycling Equipment>Bikes","S dollar","622154","AEID-5183","51","US $2,798.00","ebay_singapore_bicycles","2022-10-11 08:48:59","https://www.ebay.com.sg","Singapore","https://www.ebay.com.sg/itm/325299519930?hash=item4bbd5cc1ba:g:3icAAOSwJ8Ji8mEU&amdata=enc%3AAQAHAAAAoJSAKf0z5i0Fq1sClSrAF8W18iAWyaB4tAmfWx3oiP03RufMwpx8QsQZ13STmNzUvKTT1HYqu5%2BhD6CMvIFZnfecFvsfsb74CWiXl%2FnYccgNvx17FMIvusycaRsT1oQSJCO875kjDA1j7XSW5qWkQSYluwPieH%2BtsXQJPuDOlcLOav3MzPytsXWf99XWb7%2FLxt%2BpPjGXdtMSktzYUNOnvb0%3D%7Ctkp%3ABk9SR7L72-P4YA","","GIANT TCR ADV 2 PRO COMPACT DB M  2022 Road Bike - race Carbon Bike","","Bike"
"","0","Racing Bike","Disc Brake - Hydraulic","Giant","","","Gloss Amber Glow / Matte Carbon","New:  A brand-new, unused, unopened, undamaged item in its original packaging (where packaging is applicable).  Packaging should be the same as what is found in a retail store, unless the item was packaged by the manufacturer in non-retail packaging, such as an unprinted box or plastic bag.  See the seller's listing for full details. ","","Unisex Adult","","","","","X-Small","","","","Drop Bar","","Does Not Apply","Carbon Fibre","TCR ADV PRO 0 DB AX","2022","24 Speed","","","","","","","No Suspension","","","","","700C","Sporting Goods>Cycling Equipment>Bikes","S dollar","622154","AEID-5183","52","GBP 3,918.40","ebay_singapore_bicycles","2022-10-11 08:48:59","https://www.ebay.com.sg","Singapore","https://www.ebay.com.sg/itm/255669878422?hash=item3b871cbe96:g:ZmwAAOSwNt9i81ui&amdata=enc%3AAQAHAAAAoEB3HFFHbQufeCnRzS1uSRAFYklq7TfkyJaH9%2BqNLFtUqNvP3%2FAm1MUeBIjyCCL06QnXYSf6nJWv2WuSTCiO1LBMobS1RBkDpNU4Htj8wSd7RV6YtMyC32I2m1hKjbMFti2MqQ4G25tNlb85y8zIxNPWL6jv4%2FGtojvs0ueTJG3d2KY%2FZpMcnCRgFOW2tMb8efS7mFRPE2Gi2gyKbJ4OkUM%3D%7Ctkp%3ABk9SR7D72-P4YA","","GIANT TCR ADV PRO 0 DB AX XS AMBER GLOW 2022 Road Bike - race Carbon Bike","","Bike"
"","0","Racing Bike","Disc Brake - Hydraulic","Giant","","","Knight Shield / Reflective Rosewood","New:  A brand-new, unused, unopened, undamaged item in its original packaging (where packaging is applicable).  Packaging should be the same as what is found in a retail store, unless the item was packaged by the manufacturer in non-retail packaging, such as an unprinted box or plastic bag.  See the seller's listing for full details. ","","Unisex Adult","","","","","Medium","","","","Drop Bar","","Does Not Apply","Carbon Fibre","PROPEL ADV DB 1","2022","24 Speed","","","","","","","No Suspension","","","","","700C","Sporting Goods>Cycling Equipment>Bikes","S dollar","622154","AEID-5183","53","GBP 3,094.40","ebay_singapore_bicycles","2022-10-11 08:48:59","https://www.ebay.com.sg","Singapore","https://www.ebay.com.sg/itm/255668756862?hash=item3b870ba17e:g:KN4AAOSwcZVi8l7S&amdata=enc%3AAQAHAAAAoFN8qxpjs8tPCxT6h8mY23LgYBJNMwLlivGkxYerCGtkX3VJsY6eTSr2RSDDHiDNJYWnOimJEgsgxZiu%2Fz8nG8TmywIKeumIGyRM8gefLkJqD9SCSnTTEcNYIOsMPIRToT7zkDViNnhTkY0PAAoyFPrIBiY4%2FiK3eATJfxC2PhA9zWUGCU7lxRAdNaLVSsEkGNjEIolmAS%2F86mi2c9FAm8o%3D%7Ctkp%3ABk9SR7L72-P4YA","","GIANT PROPEL ADV DB 1 M KNIGHT SHLD 2022 Road Bike - race Carbon Bike","","Bike"
"","0","Racing Bike","Disc Brake - Hydraulic","Giant","","","Carbon / Knight Shield","New:  A brand-new, unused, unopened, undamaged item in its original packaging (where packaging is applicable).  Packaging should be the same as what is found in a retail store, unless the item was packaged by the manufacturer in non-retail packaging, such as an unprinted box or plastic bag.  See the seller's listing for full details. ","","Unisex Adult","","","","","Medium","","","","Drop Bar","","Does Not Apply","Carbon Fibre","TCR ADVANCED DISC 2 PRO COMPACT","2022","22 Speed","","","","","","","No Suspension","","","","","700C","Sporting Goods>Cycling Equipment>Bikes","S dollar","622154","AEID-5183","54","GBP 1,758.40","ebay_singapore_bicycles","2022-10-11 08:48:59","https://www.ebay.com.sg","Singapore","https://www.ebay.com.sg/itm/255668770421?hash=item3b870bd675:g:GrMAAOSw3Jhi8mEf&amdata=enc%3AAQAHAAAAoPq5gNZDbRj09A3r2%2F4li3oi7NY6WlVToDGD4WsnZpgzhPiFQ3YrNKPxpgeEwRz2rLvKtlgMSwjP4%2B5YigpMB3%2BTAXPtVYI1OTDb%2FhjNmv4BZj5YGzlZITc2UnYRT8Fjj5tLlwXuyoq9yPS4iLP6D6YNLjkm%2BGZtBJ8Tpoicl9%2BGOFURTPARtVh3QM6Uygx96vPjRXwJ%2FVwX8ZFJn8fHrzo%3D%7Ctkp%3ABk9SR7L72-P4YA","","GIANT TCR ADV 2 PRO COMPACT DB M  2022 Road Bike - race Carbon Bike","","Bike"
"","0","Racing Bike","Disc Brake - Hydraulic","Giant","","","Gloss Amber Glow / Matte Carbon","New:  A brand-new, unused, unopened, undamaged item in its original packaging (where packaging is applicable).  Packaging should be the same as what is found in a retail store, unless the item was packaged by the manufacturer in non-retail packaging, such as an unprinted box or plastic bag.  See the seller's listing for full details. ","","Unisex Adult","","","","","X-Small","","","","Drop Bar","","Does Not Apply","Carbon Fiber","TCR ADV PRO 0 DB AX","2022","24 Speed","","","","Road Bike Shifter","","","No Suspension","Clincher Tires","","","","700C","Sporting Goods>Cycling Equipment>Bikes","S dollar","622154","AEID-5183","55","US $6,198.00","ebay_singapore_bicycles","2022-10-11 08:48:59","https://www.ebay.com.sg","Singapore","https://www.ebay.com.sg/itm/325300383506?hash=item4bbd69ef12:g:fawAAOSw6NFi81uH&amdata=enc%3AAQAHAAAAoL%2BVDh4GPji2A3waGuuCk3L5MOP%2FOMsGvP9wsX8l2M0mDcCsQ1FidG4Y8M2lpyJhcWmgeSakobL%2F9V5%2FtblJMIIsAQJRcSYHMZ1ujD3P9K7FU4GgP7r6wJ1Pb96VEVZyROPuDaeqpZkFQpE8lG1KSnbiFNHjNn1k0agzlMgnAZ32fVjfocrZXG%2FP2kP5%2FAvZ7aov6NGc4OQZQ3vC8JbUqSc%3D%7Ctkp%3ABk9SR7D72-P4YA","","GIANT TCR ADV PRO 0 DB AX XS AMBER GLOW 2022 Road Bike - race Carbon Bike","","Bike"
"","0","Racing Bike","Disc Brake - Hydraulic","Giant","","","Knight Shield / Reflective Rosewood","New:  A brand-new, unused, unopened, undamaged item in its original packaging (where packaging is applicable).  Packaging should be the same as what is found in a retail store, unless the item was packaged by the manufacturer in non-retail packaging, such as an unprinted box or plastic bag.  See the seller's listing for full details. ","","Unisex Adult","","","","","Medium","","","","Drop Bar","","Does Not Apply","Carbon Fiber","PROPEL ADV DB 1","2022","24 Speed","","","","Road Bike Shifter","","","No Suspension","Clincher Tires","","","","700C","Sporting Goods>Cycling Equipment>Bikes","S dollar","622154","AEID-5183","56","US $4,898.00","ebay_singapore_bicycles","2022-10-11 08:48:59","https://www.ebay.com.sg","Singapore","https://www.ebay.com.sg/itm/325299510803?hash=item4bbd5c9e13:g:TiQAAOSw64xi8l7J&amdata=enc%3AAQAHAAAAoJRcLXr1WkVS4tx2QzRqkrEsfek4pp6RR2s09ApnPFRox3LawGfGOWx2zvI9G6UjtH0ABku71ZMmv6msOHiF7FbjQlY4IS58veqNemqYXR9GlUcpwI1LnUBTIFg9Mp779XmdMgYZc7AxdYQqsKRiqRtmQ7hZ0h6CLynH22FhZpncao%2F3L17hgny5C3cydmhj9LK9bjsOG4xfVY%2B5PpDiDBY%3D%7Ctkp%3ABk9SR7L72-P4YA","","GIANT PROPEL ADV DB 1 M KNIGHT SHLD 2022 Road Bike - race Carbon Bike","","Bike"
"","0","Racing Bike","Disc Brake - Hydraulic","Giant","","","Gloss Amber Glow / Matte Carbon","New:  A brand-new, unused, unopened, undamaged item in its original packaging (where packaging is applicable).  Packaging should be the same as what is found in a retail store, unless the item was packaged by the manufacturer in non-retail packaging, such as an unprinted box or plastic bag.  See the seller's listing for full details. ","","Unisex Adult","","","","","Medium","","","","Drop Bar","","Does Not Apply","Carbon Fiber","TCR ADV PRO 0 DB AX","2022","24 Speed","","","","Road Bike Shifter","","","No Suspension","Clincher Tires","","","","700C","Sporting Goods>Cycling Equipment>Bikes","S dollar","622154","AEID-5183","57","US $6,198.00","ebay_singapore_bicycles","2022-10-11 08:48:59","https://www.ebay.com.sg","Singapore","https://www.ebay.com.sg/itm/325300383815?hash=item4bbd69f047:g:crwAAOSwYXli81ux&amdata=enc%3AAQAHAAAAoMEAnpnulcuH2GXAyhBggNvINI3Elx%2B8zV7osXYIW0kKWii8J0HOUo3AbGrXvHZiDGi4XnPF93cpVuCAMW%2BfENvnT5uq8%2F0oYr9zsM6X9Hq1O%2FsOatSsl9ItxTjOONsSADDLUjfmUVmgLl1cl717h4DdOmzlL0qHwq2Ry83sRArbrG7OrpeIXzEzTQ0Wxf6aPZsGEfZGqglWuUr3i1a2Q%2B8%3D%7Ctkp%3ABk9SR7D72-P4YA","","GIANT TCR ADV PRO 0 DB AX M AMBER GLOW 2022 Road Bike - race Carbon Bike","","Bike"
"","0","Racing Bike","Disc Brake - Hydraulic","Giant","","","Knight Shield / Reflective Rosewood","New:  A brand-new, unused, unopened, undamaged item in its original packaging (where packaging is applicable).  Packaging should be the same as what is found in a retail store, unless the item was packaged by the manufacturer in non-retail packaging, such as an unprinted box or plastic bag.  See the seller's listing for full details. ","","Unisex Adult","","","","","X-Small","","","","Drop Bar","","Does Not Apply","Carbon Fibre","PROPEL ADV DB 1","2022","24 Speed","","","","","","","No Suspension","","","","","700C","Sporting Goods>Cycling Equipment>Bikes","S dollar","622154","AEID-5183","58","GBP 3,094.40","ebay_singapore_bicycles","2022-10-11 08:48:59","https://www.ebay.com.sg","Singapore","https://www.ebay.com.sg/itm/255667035808?hash=item3b86f15ea0:g:0CUAAOSwuUBi8Ovi&amdata=enc%3AAQAHAAAAoPiEWEIGCHS7ixOvqmjHArvADCBrbhS5yxjdk71wNTQt%2FzJ4NJ1eAwGEKctKmG3DoJJI%2BSYSg9kjjXXi7puJFXDz1YXBkwDJCXgyPY0hdcfuH1%2BFMkprbCb1%2BQE4avUK%2BGzl1oy%2BkgNEljJpM9NlsogEKs3biT99S3eCD1O%2F51SUQci%2BJ33KYVy6%2FMXgd8XQfit1esQF7YrLJyo7NTMC0GM%3D%7Ctkp%3ABk9SR7L72-P4YA","","GIANT PROPEL ADV DB 1 XS KNIGHT SHLD 2022 Road Bike - race Carbon Bike","","Bike"
"","","Hybrid Bike","V-Brake (Direct/Linear Pull)","Giant","","","Rosewood","New:  A brand-new, unused, unopened, undamaged item in its original packaging (where packaging is applicable).  Packaging should be the same as what is found in a retail store, unless the item was packaged by the manufacturer in non-retail packaging, such as an unprinted box or plastic bag.  See the seller's listing for full details. ","","Unisex Adults","","","","","Large","","Derailleur Gears","","Riser Bar","","","Aluminum","Escape 3 Comfort","","21 Speed","","","","Trigger Shifter","","","","","","","","700C","Sporting Goods>Cycling Equipment>Bikes","S dollar","622154","AEID-5183","59","US $550.00","ebay_singapore_bicycles","2022-10-11 08:48:59","https://www.ebay.com.sg","Singapore","https://www.ebay.com.sg/itm/275460427827?hash=item4022b89033:g:DDAAAOSwcHRjIf8l&amdata=enc%3AAQAHAAAAoLF5yTrLxgP7Zwvo3A0p4Kxq9QjHJHuP3vmIB5eF8bmHwDa3il8ZnHG9Czpk70Ym4grpnpQq3LAgbLe1A1%2BMidVCd%2Faa%2F2OxKwhbQ8KrtVCUbdb60inq1Y4pzuCivKjKhdfBjU95r%2FokGbSlOzJ6c6jyKYbG90lyZhgjh2xqNd0SvJ8T3soTBbsq39Wi0TJ1eaI1uK%2B5rAY0dqBeR1ho6Do%3D%7Ctkp%3ABk9SR6772-P4YA","","Giant Escape 3 Comfort L","","Bike"
"","0","Racing Bike","Disc Brake - Hydraulic","Giant","","","Matte Starry Night/Chrome","New:  A brand-new, unused, unopened, undamaged item in its original packaging (where packaging is applicable).  Packaging should be the same as what is found in a retail store, unless the item was packaged by the manufacturer in non-retail packaging, such as an unprinted box or plastic bag.  See the seller's listing for full details. ","","Unisex Adult","","","","","Large","","","","Drop Bar","","Does Not Apply","Carbon Fiber","PROPEL ADVANCED PRO DISC 1","2022","24 Speed","","","","Road Bike Shifter","","","No Suspension","Clincher Tires","","","","700C","Sporting Goods>Cycling Equipment>Bikes","S dollar","622154","AEID-5183","60","US $5,555.00","ebay_singapore_bicycles","2022-10-11 08:48:59","https://www.ebay.com.sg","Singapore","https://www.ebay.com.sg/itm/325298065336?hash=item4bbd468fb8:g:VMcAAOSwe9Ji8Nfd&amdata=enc%3AAQAHAAAAoN2%2BOR1SqB0%2BX7ZOcHDakGYTqoCuvj9bCj0KtpCAdNRtYIkykmUaRw4grnq8qxf8nAAt6R1Df0ICYD5%2FAYkd3VcDRD%2F57Jfn0czqF5p2GvZiQZK1WSgf2Z3iRMsL8%2Fd1NR5dXpqgdFiXP4uTQJKTU3OF%2F%2B4g3g43AEGmX%2F0O5hjtuok2sBpkfxdXH1oKNJpcrEN%2BeyDK4OG%2FqH%2FV2fH9IpE%3D%7Ctkp%3ABk9SR7L72-P4YA","","GIANT PROPEL ADV PRO DB 1 L STARRY NIGHT 2022  Road Bike - race Carbon Bike","","Bike"
